time,event,node,packet,noise
0.716334,TX,8,0,0.000000
0.718020,TX,5,1,0.000000
0.772020,TX,5,2,0.000000
0.826020,TX,5,3,0.000000
0.852308,COLLISION,6,,
0.866301,COLLISION,1,,
0.872321,RX,9,0,0.000000
0.874007,RX,0,1,0.000000
0.874007,RX,6,1,0.395000
0.880020,TX,5,4,0.000000
0.882080,RX,3,0,0.000000
0.882080,RX,7,0,0.000000
0.894007,COLLISION,6,,
0.898615,RX,4,0,0.000000
0.900301,RX,1,1,0.395000
0.902314,RX,2,0,0.000000
0.920301,COLLISION,1,,
0.927153,COLLISION,0,,
0.928007,RX,0,2,0.395000
0.934020,TX,5,5,0.000000
0.941994,RX,7,1,0.000000
0.948007,COLLISION,0,,
0.955686,RX,2,1,0.000000
0.995994,RX,7,2,0.000000
1.004778,RX,5,0,0.000000
1.006464,RX,8,1,0.000000
1.009686,RX,2,2,0.000000
1.018518,RX,3,1,0.000000
1.036007,RX,6,4,0.000000
1.049994,RX,7,3,0.000000
1.060464,RX,8,2,0.000000
1.062301,RX,1,4,0.000000
1.063686,RX,2,3,0.000000
1.072518,RX,3,2,0.000000
1.072687,RX,9,1,0.000000
1.081217,RX,4,1,0.000000
1.090007,RX,0,5,0.000000
1.090007,RX,6,5,0.000000
1.103994,RX,7,4,0.000000
1.114464,RX,8,3,0.000000
1.116301,RX,1,5,0.000000
1.117686,RX,2,4,0.000000
1.126518,RX,3,3,0.000000
1.126687,RX,9,2,0.000000
1.135217,RX,4,2,0.000000
1.144618,TX,1,7,0.000000
1.157994,RX,7,5,0.000000
1.168464,RX,8,4,0.000000
1.171686,RX,2,5,0.000000
1.180518,RX,3,4,0.000000
1.180687,RX,9,3,0.000000
1.189217,RX,4,3,0.000000
1.222464,RX,8,5,0.000000
1.234518,RX,3,5,0.000000
1.234687,RX,9,4,0.000000
1.243217,RX,4,4,0.000000
1.288687,RX,9,5,0.000000
1.297217,RX,4,5,0.000000
1.300605,RX,0,7,0.000000
1.300605,RX,2,7,0.000000
1.300605,RX,6,7,0.000000
1.326899,RX,5,7,0.000000
1.330598,RX,7,7,0.000000
1.341187,TX,4,10,0.000000
1.368592,RX,3,7,0.000000
1.382284,RX,8,7,0.000000
1.433062,RX,4,7,0.000000
1.443436,RX,9,7,0.000000
1.497174,RX,9,10,0.000000
1.506933,RX,3,10,0.000000
1.523468,RX,8,10,0.000000
1.565161,RX,2,10,0.000000
1.583532,RX,7,10,0.000000
1.629631,RX,1,10,0.000000
1.641686,RX,6,10,0.000000
1.695854,RX,0,10,0.000000
1.704384,RX,5,10,0.000000
1.804217,TX,4,12,0.000000
1.820750,TX,5,13,0.000000
1.935983,TX,0,14,0.395000
1.958561,COLLISION,7,,
1.960204,RX,9,12,0.000000
1.969963,RX,3,12,0.000000
1.970416,COLLISION,2,,
1.976737,RX,0,13,0.000000
1.976737,RX,6,13,0.000000
1.986498,RX,8,12,0.000000
1.989983,TX,0,15,0.000000
2.003031,RX,1,13,0.000000
2.004661,COLLISION,1,,
2.033962,COLLISION,6,,
2.057969,COLLISION,1,,
2.079414,COLLISION,5,,
2.087962,COLLISION,6,,
2.091969,RX,5,14,0.395000
2.109194,RX,8,13,0.000000
2.121248,RX,3,13,0.000000
2.158883,RX,0,12,0.000000
2.159956,RX,2,14,0.000000
2.175417,RX,9,13,0.000000
2.178327,RX,7,14,0.000000
2.183947,RX,4,13,0.000000
2.213956,RX,2,15,0.000000
2.227943,RX,3,14,0.000000
2.232327,RX,7,15,0.000000
2.234801,RX,8,14,0.000000
2.253186,TX,7,6,0.000000
2.281943,RX,3,15,0.000000
2.288801,RX,8,15,0.000000
2.290649,RX,4,14,0.000000
2.299179,RX,9,14,0.000000
2.307186,TX,7,11,0.000000
2.344649,RX,4,15,0.000000
2.353179,RX,9,15,0.000000
2.361186,TX,7,19,0.000000
2.409173,RX,2,6,0.000000
2.409173,RX,6,6,0.000000
2.415186,TX,7,20,0.000000
2.418932,RX,8,6,0.000000
2.435467,RX,3,6,0.000000
2.439166,RX,1,6,0.000000
2.463173,RX,2,11,0.000000
2.463173,RX,6,11,0.000000
2.469186,TX,7,21,0.000000
2.472932,RX,8,11,0.000000
2.477160,RX,5,6,0.000000
2.477160,RX,9,6,0.000000
2.489467,RX,3,11,0.000000
2.493166,RX,1,11,0.000000
2.495530,RX,0,6,0.000000
2.495530,RX,4,6,0.000000
2.517173,RX,2,19,0.000000
2.517173,RX,6,19,0.000000
2.523186,TX,7,22,0.000000
2.526932,RX,8,19,0.000000
2.531160,RX,5,11,0.000000
2.531160,RX,9,11,0.000000
2.543467,RX,3,19,0.000000
2.547166,RX,1,19,0.000000
2.549530,RX,0,11,0.000000
2.549530,RX,4,11,0.000000
2.571173,RX,2,20,0.000000
2.571173,RX,6,20,0.000000
2.577186,TX,7,23,0.000000
2.580932,RX,8,20,0.000000
2.585160,RX,5,19,0.000000
2.585160,RX,9,19,0.000000
2.597467,RX,3,20,0.000000
2.601166,RX,1,20,0.000000
2.603530,RX,0,19,0.000000
2.603530,RX,4,19,0.000000
2.625173,RX,2,21,0.000000
2.625173,RX,6,21,0.000000
2.634932,RX,8,21,0.000000
2.639160,RX,5,20,0.000000
2.639160,RX,9,20,0.000000
2.651467,RX,3,21,0.000000
2.655166,RX,1,21,0.000000
2.657530,RX,0,20,0.000000
2.657530,RX,4,20,0.000000
2.679173,RX,2,22,0.000000
2.679173,RX,6,22,0.000000
2.688932,RX,8,22,0.000000
2.693160,RX,5,21,0.000000
2.693160,RX,9,21,0.000000
2.705467,RX,3,22,0.000000
2.709166,RX,1,22,0.000000
2.711530,RX,0,21,0.000000
2.711530,RX,4,21,0.000000
2.733173,RX,2,23,0.000000
2.733173,RX,6,23,0.000000
2.742932,RX,8,23,0.000000
2.747160,RX,5,22,0.000000
2.747160,RX,9,22,0.000000
2.752458,TX,1,29,0.395000
2.759467,RX,3,23,0.000000
2.761884,TX,7,30,0.000000
2.763166,RX,1,23,0.000000
2.765530,RX,0,22,0.000000
2.765530,RX,4,22,0.000000
2.801160,RX,5,23,0.000000
2.801160,RX,9,23,0.000000
2.819530,RX,0,23,0.000000
2.819530,RX,4,23,0.000000
2.829871,COLLISION,2,,
2.829871,COLLISION,6,,
2.849696,TX,7,31,0.000000
2.888432,COLLISION,3,,
2.908445,RX,0,29,0.000000
2.927442,COLLISION,8,,
2.927630,RX,8,30,0.395000
2.934739,RX,5,29,0.000000
2.938438,RX,7,29,0.000000
2.943977,COLLISION,3,,
2.947864,RX,1,30,0.000000
2.952902,COLLISION,4,,
2.985670,COLLISION,9,,
2.985858,RX,5,30,0.000000
2.985858,RX,9,30,0.395000
3.004041,COLLISION,4,,
3.004229,RX,0,30,0.000000
3.005683,RX,2,31,0.000000
3.005683,RX,6,31,0.000000
3.017288,TX,8,32,0.000000
3.035676,RX,1,31,0.000000
3.049724,TX,1,34,0.000000
3.071288,TX,8,33,0.000000
3.073670,RX,5,31,0.000000
3.074964,TX,0,35,0.395000
3.092041,RX,0,31,0.000000
3.117711,COLLISION,2,,
3.125288,TX,8,36,0.000000
3.144005,COLLISION,5,,
3.149034,COLLISION,7,,
3.153262,COLLISION,6,,
3.166955,COLLISION,1,,
3.169268,COLLISION,2,,
3.172944,COLLISION,6,,
3.173275,RX,9,32,0.000000
3.183034,RX,3,32,0.000000
3.183034,RX,7,32,0.395000
3.185698,COLLISION,3,,
3.199569,RX,4,32,0.000000
3.203034,COLLISION,3,,
3.203034,COLLISION,7,,
3.205711,RX,0,34,0.000000
3.217732,COLLISION,5,,
3.220955,COLLISION,1,,
3.223268,COLLISION,2,,
3.227275,RX,9,33,0.000000
3.229309,COLLISION,7,,
3.250168,COLLISION,4,,
3.253569,RX,4,33,0.395000
3.281275,RX,9,36,0.000000
3.287390,RX,8,34,0.000000
3.295262,RX,6,33,0.000000
3.316107,RX,0,32,0.000000
3.329795,TX,0,47,0.395000
3.348542,RX,9,34,0.000000
3.349262,RX,6,36,0.000000
3.359732,RX,5,33,0.000000
3.362955,RX,1,36,0.000000
3.366925,RX,3,35,0.000000
3.370107,RX,0,33,0.000000
3.373783,RX,8,35,0.000000
3.383795,TX,0,48,0.395000
3.390776,TX,5,16,0.395000
3.413732,RX,5,36,0.000000
3.424107,RX,0,36,0.000000
3.429631,RX,4,35,0.000000
3.437795,TX,0,49,0.000000
3.438161,RX,9,35,0.000000
3.458763,COLLISION,6,,
3.481775,COLLISION,6,,
3.485057,COLLISION,1,,
3.485782,RX,1,47,0.395000
3.485782,RX,5,47,0.000000
3.491795,TX,0,50,0.000000
3.505782,COLLISION,1,,
3.526750,COLLISION,7,,
3.538140,COLLISION,7,,
3.539782,RX,5,48,0.000000
3.540442,COLLISION,2,,
3.545795,TX,0,54,0.395000
3.546763,RX,0,16,0.000000
3.553769,RX,2,47,0.395000
3.573769,COLLISION,2,,
3.593782,RX,5,49,0.000000
3.594614,COLLISION,8,,
3.603274,COLLISION,3,,
3.621756,RX,3,47,0.395000
3.623775,RX,6,49,0.000000
3.628614,RX,8,47,0.395000
3.641756,COLLISION,3,,
3.647782,RX,1,50,0.000000
3.647782,RX,5,50,0.000000
3.648614,COLLISION,8,,
3.658992,COLLISION,9,,
3.665973,COLLISION,4,,
3.677775,RX,6,50,0.000000
3.680140,RX,7,49,0.000000
3.684462,RX,4,47,0.395000
3.692992,RX,9,47,0.395000
3.701782,RX,1,54,0.000000
3.701782,RX,5,54,0.000000
3.704462,COLLISION,4,,
3.712992,COLLISION,9,,
3.715769,RX,2,50,0.000000
3.731775,RX,6,54,0.000000
3.734140,RX,7,50,0.000000
3.745650,TX,7,62,0.395000
3.747708,TX,8,63,0.395000
3.769769,RX,2,54,0.000000
3.783756,RX,3,50,0.000000
3.788140,RX,7,54,0.000000
3.790614,RX,8,50,0.000000
3.801708,TX,8,64,0.395000
3.820992,COLLISION,9,,
3.837756,RX,3,54,0.000000
3.839931,COLLISION,3,,
3.841989,COLLISION,4,,
3.844614,RX,8,54,0.000000
3.845688,COLLISION,2,,
3.846462,RX,4,50,0.395000
3.854992,RX,9,50,0.395000
3.855708,TX,8,65,0.000000
3.869695,COLLISION,9,,
3.879454,COLLISION,3,,
3.881624,COLLISION,9,,
3.884239,TX,0,67,0.000000
3.895989,COLLISION,4,,
3.899688,COLLISION,2,,
3.899995,COLLISION,4,,
3.901637,RX,6,62,0.000000
3.911396,RX,8,62,0.000000
3.913454,RX,7,63,0.000000
3.931630,RX,1,62,0.000000
3.952226,COLLISION,1,,
3.952226,COLLISION,5,,
3.967454,RX,7,64,0.000000
3.969624,RX,5,62,0.395000
3.971682,RX,6,63,0.000000
3.985375,RX,1,63,0.395000
3.987995,RX,0,62,0.000000
3.991682,COLLISION,6,,
4.002152,COLLISION,5,,
4.005375,COLLISION,1,,
4.011695,RX,9,65,0.000000
4.021454,RX,3,65,0.000000
4.021454,RX,7,65,0.000000
4.025682,RX,6,64,0.395000
4.037989,RX,4,65,0.000000
4.041688,RX,2,65,0.000000
4.046527,RX,0,63,0.000000
4.100527,RX,0,64,0.000000
4.108213,RX,2,67,0.000000
4.126584,RX,7,67,0.000000
4.144152,RX,5,65,0.000000
4.154527,RX,0,65,0.000000
4.176200,RX,3,67,0.000000
4.183058,RX,8,67,0.000000
4.238906,RX,4,67,0.000000
4.247436,RX,9,67,0.000000
4.247991,TX,1,44,0.000000
4.278955,TX,2,40,0.000000
4.286027,TX,0,69,0.000000
4.301991,TX,1,46,0.000000
4.313135,TX,6,26,0.000000
4.332955,TX,2,41,0.000000
4.340027,TX,0,70,0.000000
4.346942,COLLISION,7,,
4.354014,COLLISION,1,,
4.354014,COLLISION,5,,
4.373236,COLLISION,6,,
4.381122,COLLISION,1,,
4.381122,COLLISION,5,,
4.381122,COLLISION,7,,
4.383964,COLLISION,3,,
4.384007,COLLISION,6,,
4.386955,TX,2,42,0.395000
4.394027,TX,0,71,0.395000
4.396271,COLLISION,5,,
4.397657,COLLISION,8,,
4.399970,COLLISION,7,,
4.400942,COLLISION,1,,
4.400942,COLLISION,3,,
4.400942,COLLISION,7,,
4.403978,RX,0,44,0.000000
4.403978,RX,2,44,0.000000
4.403978,RX,6,44,0.790000
4.408014,COLLISION,1,,
4.408014,COLLISION,5,,
4.427236,COLLISION,6,,
4.428622,COLLISION,5,,
4.430935,COLLISION,8,,
4.438007,COLLISION,6,,
4.440955,TX,2,66,0.395000
4.448435,COLLISION,4,,
4.449108,COLLISION,8,,
4.451657,COLLISION,8,,
4.454942,COLLISION,3,,
4.454942,COLLISION,7,,
4.457978,RX,0,46,0.395000
4.457978,RX,2,46,0.395000
4.458809,COLLISION,9,,
4.462014,COLLISION,1,,
4.462801,COLLISION,3,,
4.468929,COLLISION,4,,
4.482622,COLLISION,5,,
4.482622,COLLISION,9,,
4.489988,COLLISION,3,,
4.492007,COLLISION,6,,
4.494372,COLLISION,7,,
4.495416,RX,2,26,0.395000
4.496846,COLLISION,8,,
4.499114,RX,0,26,0.395000
4.502435,COLLISION,4,,
4.502929,RX,0,40,0.000000
4.508942,COLLISION,1,,
4.508942,COLLISION,3,,
4.508942,COLLISION,7,,
4.510001,RX,2,69,0.000000
4.512809,COLLISION,9,,
4.513579,COLLISION,9,,
4.525633,COLLISION,4,,
4.535236,COLLISION,6,,
4.536622,COLLISION,5,,
4.538935,COLLISION,8,,
4.550846,COLLISION,8,,
4.552694,COLLISION,4,,
4.556929,RX,0,41,0.000000
4.561224,COLLISION,9,,
4.564001,RX,2,70,0.000000
4.576929,COLLISION,4,,
4.590622,COLLISION,9,,
4.606694,COLLISION,4,,
4.610929,RX,0,42,0.000000
4.615224,COLLISION,9,,
4.618001,RX,2,71,0.000000
4.631988,RX,3,70,0.000000
4.636372,RX,7,71,0.000000
4.664929,RX,0,66,0.000000
4.678622,RX,5,66,0.000000
4.685988,RX,3,71,0.000000
4.692846,RX,8,71,0.000000
4.748694,RX,4,71,0.000000
4.757224,RX,9,71,0.000000
4.997908,TX,3,25,0.000000
5.051908,TX,3,59,0.000000
5.070037,TX,7,78,0.000000
5.095757,TX,5,68,0.000000
5.105908,TX,3,75,0.000000
5.138024,COLLISION,2,,
5.147574,COLLISION,6,,
5.147783,COLLISION,8,,
5.149757,TX,5,72,0.000000
5.153895,RX,2,25,0.395000
5.163654,RX,4,25,0.000000
5.163654,RX,8,25,0.395000
5.163744,COLLISION,6,,
5.168017,COLLISION,1,,
5.173895,COLLISION,2,,
5.180189,RX,7,25,0.000000
5.183654,COLLISION,8,,
5.183888,RX,9,25,0.000000
5.187882,COLLISION,1,,
5.190038,COLLISION,1,,
5.201574,COLLISION,6,,
5.201869,COLLISION,0,,
5.203757,TX,5,73,0.000000
5.206011,COLLISION,9,,
5.210406,COLLISION,5,,
5.217654,RX,4,59,0.000000
5.217744,COLLISION,0,,
5.217744,COLLISION,6,,
5.224382,COLLISION,0,,
5.224382,COLLISION,4,,
5.231731,COLLISION,7,,
5.234189,RX,7,59,0.395000
5.237888,RX,9,59,0.395000
5.244038,COLLISION,1,,
5.252318,RX,3,78,0.000000
5.264406,COLLISION,5,,
5.271744,COLLISION,0,,
5.271744,COLLISION,6,,
5.285731,COLLISION,7,,
5.298038,COLLISION,1,,
5.309869,COLLISION,0,,
5.333423,RX,2,68,0.000000
5.337810,TX,1,84,0.395000
5.361353,TX,0,85,0.000000
5.384201,RX,8,68,0.000000
5.387423,RX,2,72,0.000000
5.391810,TX,1,86,0.000000
5.396255,RX,3,68,0.000000
5.406406,RX,5,75,0.000000
5.427731,RX,7,73,0.000000
5.432091,COLLISION,5,,
5.438201,RX,8,72,0.000000
5.441423,RX,2,73,0.000000
5.450255,RX,3,72,0.000000
5.450423,RX,9,68,0.000000
5.458954,RX,4,68,0.000000
5.459797,COLLISION,6,,
5.486091,COLLISION,5,,
5.492201,RX,8,73,0.000000
5.493797,RX,0,84,0.000000
5.493797,RX,2,84,0.000000
5.493797,RX,6,84,0.395000
5.497327,COLLISION,2,,
5.504255,RX,3,73,0.000000
5.504423,RX,9,72,0.000000
5.512954,RX,4,72,0.000000
5.515698,COLLISION,7,,
5.517340,RX,1,85,0.000000
5.523790,RX,7,84,0.395000
5.547797,RX,0,86,0.000000
5.558423,RX,9,73,0.000000
5.561784,RX,3,84,0.000000
5.565314,COLLISION,3,,
5.566954,RX,4,73,0.000000
5.572172,COLLISION,8,,
5.575476,RX,8,84,0.395000
5.593991,TX,1,90,0.000000
5.626254,RX,4,84,0.000000
5.628020,COLLISION,4,,
5.636550,COLLISION,9,,
5.636629,RX,9,84,0.395000
5.749978,RX,0,90,0.000000
5.749978,RX,2,90,0.000000
5.749978,RX,6,90,0.000000
5.776272,RX,5,90,0.000000
5.779971,RX,7,90,0.000000
5.784849,TX,0,87,0.000000
5.817965,RX,3,90,0.000000
5.831658,RX,8,90,0.000000
5.882435,RX,4,90,0.000000
5.892810,RX,9,90,0.000000
5.913342,TX,4,27,0.000000
5.940836,RX,1,87,0.000000
5.940836,RX,5,87,0.000000
5.964987,TX,9,8,0.000000
5.967342,TX,4,28,0.000000
5.970829,RX,6,87,0.000000
5.991088,COLLISION,3,,
6.007622,COLLISION,8,,
6.008823,RX,2,87,0.000000
6.018987,TX,9,9,0.000000
6.021342,TX,4,55,0.000000
6.027194,RX,7,87,0.000000
6.032974,COLLISION,8,,
6.045088,COLLISION,3,,
6.051516,COLLISION,4,,
6.060046,COLLISION,9,,
6.061622,COLLISION,8,,
6.062966,COLLISION,3,,
6.069328,RX,9,27,0.395000
6.072987,TX,9,17,0.395000
6.075342,TX,4,56,0.395000
6.086974,COLLISION,4,,
6.089328,COLLISION,9,,
6.100961,COLLISION,7,,
6.114653,COLLISION,2,,
6.115622,COLLISION,8,,
6.116966,COLLISION,3,,
6.121686,COLLISION,7,,
6.126987,TX,9,18,0.395000
6.129342,TX,4,57,0.395000
6.137315,RX,2,27,0.395000
6.140974,COLLISION,8,,
6.153088,COLLISION,3,,
6.154961,COLLISION,7,,
6.157315,COLLISION,2,,
6.165431,COLLISION,6,,
6.168653,COLLISION,2,,
6.169622,COLLISION,8,,
6.170966,COLLISION,3,,
6.175805,COLLISION,1,,
6.179840,COLLISION,6,,
6.180987,TX,9,24,0.000000
6.183342,TX,4,58,0.000000
6.201786,RX,1,27,0.395000
6.208961,COLLISION,7,,
6.221786,COLLISION,1,,
6.222653,COLLISION,2,,
6.223622,COLLISION,8,,
6.224966,COLLISION,3,,
6.228974,RX,4,17,0.000000
6.229686,COLLISION,7,,
6.229805,COLLISION,1,,
6.231328,RX,9,56,0.000000
6.231653,COLLISION,5,,
6.233840,COLLISION,6,,
6.234987,TX,9,37,0.000000
6.237342,TX,4,60,0.000000
6.240184,COLLISION,0,,
6.242538,COLLISION,5,,
6.248974,COLLISION,8,,
6.261088,COLLISION,3,,
6.262961,COLLISION,7,,
6.265315,COLLISION,2,,
6.268008,RX,0,27,0.395000
6.273431,COLLISION,6,,
6.276653,COLLISION,2,,
6.277622,COLLISION,8,,
6.278966,COLLISION,3,,
6.282974,RX,4,18,0.000000
6.283805,COLLISION,1,,
6.285328,RX,9,57,0.000000
6.287840,COLLISION,6,,
6.288008,COLLISION,0,,
6.288987,TX,9,38,0.000000
6.291342,TX,4,61,0.000000
6.294184,COLLISION,0,,
6.296538,COLLISION,5,,
6.316961,COLLISION,7,,
6.329786,COLLISION,1,,
6.330653,COLLISION,2,,
6.331622,COLLISION,8,,
6.332966,COLLISION,3,,
6.336974,RX,4,24,0.000000
6.337686,COLLISION,7,,
6.337805,COLLISION,1,,
6.339328,RX,9,58,0.000000
6.339653,COLLISION,5,,
6.341840,COLLISION,6,,
6.342987,TX,9,39,0.000000
6.345342,TX,4,94,0.000000
6.348184,COLLISION,0,,
6.350538,COLLISION,5,,
6.356974,COLLISION,8,,
6.369088,COLLISION,3,,
6.370961,COLLISION,7,,
6.372060,TX,7,102,0.790000
6.373315,COLLISION,2,,
6.381431,COLLISION,6,,
6.384653,COLLISION,2,,
6.385622,COLLISION,8,,
6.386966,COLLISION,3,,
6.390974,RX,4,37,0.000000
6.391805,COLLISION,1,,
6.393328,RX,9,60,0.000000
6.395840,COLLISION,6,,
6.396008,COLLISION,0,,
6.396987,TX,9,43,0.000000
6.402184,COLLISION,0,,
6.404538,COLLISION,5,,
6.437786,COLLISION,1,,
6.438653,COLLISION,2,,
6.439622,COLLISION,8,,
6.440047,COLLISION,2,,
6.440047,COLLISION,6,,
6.440966,COLLISION,3,,
6.444974,RX,4,38,0.000000
6.445805,COLLISION,1,,
6.447328,RX,9,61,0.000000
6.447653,COLLISION,5,,
6.449806,COLLISION,8,,
6.449840,COLLISION,6,,
6.450987,TX,9,45,0.000000
6.456184,COLLISION,0,,
6.458538,COLLISION,5,,
6.464974,COLLISION,8,,
6.466341,COLLISION,3,,
6.470040,COLLISION,1,,
6.479686,RX,7,60,0.395000
6.481315,COLLISION,2,,
6.489431,COLLISION,6,,
6.492653,COLLISION,2,,
6.494966,COLLISION,3,,
6.498974,RX,4,39,0.000000
6.499805,COLLISION,1,,
6.501328,RX,9,94,0.000000
6.503840,COLLISION,6,,
6.504008,COLLISION,0,,
6.504987,TX,9,51,0.000000
6.508034,COLLISION,5,,
6.510184,COLLISION,0,,
6.512538,COLLISION,5,,
6.512961,RX,7,38,0.395000
6.526405,COLLISION,0,,
6.526405,COLLISION,4,,
6.533686,RX,7,61,0.395000
6.545786,COLLISION,1,,
6.552974,RX,4,43,0.395000
6.553805,COLLISION,1,,
6.555653,COLLISION,5,,
6.557840,COLLISION,6,,
6.558987,TX,9,52,0.395000
6.564184,COLLISION,0,,
6.566538,COLLISION,5,,
6.566961,RX,7,39,0.395000
6.572974,COLLISION,4,,
6.587686,RX,7,94,0.395000
6.596034,RX,9,102,0.000000
6.597431,COLLISION,6,,
6.606974,RX,8,45,0.000000
6.612008,COLLISION,0,,
6.612987,TX,9,53,0.000000
6.618184,COLLISION,0,,
6.620538,COLLISION,5,,
6.620961,RX,7,43,0.000000
6.634653,RX,2,43,0.000000
6.636966,RX,3,45,0.000000
6.660974,RX,8,51,0.000000
6.663653,COLLISION,5,,
6.666987,TX,9,79,0.000000
6.674961,RX,7,45,0.000000
6.688653,RX,2,45,0.000000
6.690966,RX,3,51,0.000000
6.695805,RX,1,43,0.000000
6.714974,RX,4,52,0.000000
6.714974,RX,8,52,0.000000
6.720987,TX,9,80,0.000000
6.728961,RX,7,51,0.000000
6.739431,RX,6,45,0.000000
6.742653,RX,2,51,0.000000
6.744966,RX,3,52,0.000000
6.749805,RX,1,45,0.000000
6.760184,RX,0,43,0.000000
6.768974,RX,4,53,0.000000
6.768974,RX,8,53,0.000000
6.774987,TX,9,91,0.000000
6.782961,RX,7,52,0.000000
6.793431,RX,6,51,0.000000
6.796653,RX,2,52,0.000000
6.798966,RX,3,53,0.000000
6.803805,RX,1,51,0.000000
6.805653,RX,5,45,0.000000
6.814184,RX,0,45,0.000000
6.822974,RX,4,79,0.000000
6.822974,RX,8,79,0.000000
6.828987,TX,9,92,0.000000
6.836961,RX,7,53,0.000000
6.847431,RX,6,52,0.000000
6.850653,RX,2,53,0.000000
6.852966,RX,3,79,0.000000
6.857805,RX,1,52,0.000000
6.859653,RX,5,51,0.000000
6.868184,RX,0,51,0.000000
6.876974,RX,4,80,0.000000
6.876974,RX,8,80,0.000000
6.882987,TX,9,93,0.000000
6.890961,RX,7,79,0.000000
6.901431,RX,6,53,0.000000
6.904653,RX,2,79,0.000000
6.906966,RX,3,80,0.000000
6.911805,RX,1,53,0.000000
6.913653,RX,5,52,0.000000
6.922184,RX,0,52,0.000000
6.930974,RX,4,91,0.000000
6.930974,RX,8,91,0.000000
6.936987,TX,9,100,0.000000
6.944961,RX,7,80,0.000000
6.955431,RX,6,79,0.000000
6.958653,RX,2,80,0.000000
6.960966,RX,3,91,0.000000
6.965805,RX,1,79,0.000000
6.967653,RX,5,53,0.000000
6.976184,RX,0,53,0.000000
6.984974,RX,4,92,0.000000
6.984974,RX,8,92,0.000000
6.990987,TX,9,101,0.000000
6.998961,RX,7,91,0.000000
7.009431,RX,6,80,0.000000
7.012653,RX,2,91,0.000000
7.014966,RX,3,92,0.000000
7.019805,RX,1,80,0.000000
7.021653,RX,5,79,0.000000
7.030184,RX,0,79,0.000000
7.038974,RX,4,93,0.000000
7.038974,RX,8,93,0.000000
7.044987,TX,9,104,0.000000
7.052961,RX,7,92,0.000000
7.063431,RX,6,91,0.000000
7.066653,RX,2,92,0.000000
7.068966,RX,3,93,0.000000
7.073805,RX,1,91,0.000000
7.075653,RX,5,80,0.000000
7.084184,RX,0,80,0.000000
7.092974,RX,4,100,0.000000
7.092974,RX,8,100,0.000000
7.098987,TX,9,108,0.000000
7.106961,RX,7,93,0.000000
7.117431,RX,6,92,0.000000
7.120653,RX,2,93,0.000000
7.122966,RX,3,100,0.000000
7.127805,RX,1,92,0.000000
7.129653,RX,5,91,0.000000
7.138184,RX,0,91,0.000000
7.146974,RX,4,101,0.000000
7.146974,RX,8,101,0.000000
7.160961,RX,7,100,0.000000
7.171431,RX,6,93,0.000000
7.174653,RX,2,100,0.000000
7.176966,RX,3,101,0.000000
7.181805,RX,1,93,0.000000
7.183653,RX,5,92,0.000000
7.192184,RX,0,92,0.000000
7.200974,RX,4,104,0.000000
7.200974,RX,8,104,0.000000
7.214961,RX,7,101,0.000000
7.225431,RX,6,100,0.000000
7.228653,RX,2,101,0.000000
7.230966,RX,3,104,0.000000
7.235805,RX,1,100,0.000000
7.237653,RX,5,93,0.000000
7.246184,RX,0,93,0.000000
7.254974,RX,4,108,0.000000
7.254974,RX,8,108,0.000000
7.268961,RX,7,104,0.000000
7.279431,RX,6,101,0.000000
7.282653,RX,2,104,0.000000
7.284966,RX,3,108,0.000000
7.289805,RX,1,101,0.000000
7.291653,RX,5,100,0.000000
7.300184,RX,0,100,0.000000
7.322961,RX,7,108,0.000000
7.333431,RX,6,104,0.000000
7.336653,RX,2,108,0.000000
7.343805,RX,1,104,0.000000
7.345653,RX,5,101,0.000000
7.354184,RX,0,101,0.000000
7.387431,RX,6,108,0.000000
7.397805,RX,1,108,0.000000
7.399653,RX,5,104,0.000000
7.408184,RX,0,104,0.000000
7.408261,TX,3,97,0.000000
7.439718,TX,8,96,0.000000
7.453653,RX,5,108,0.000000
7.462184,RX,0,108,0.000000
7.462261,TX,3,98,0.000000
7.485566,TX,4,109,0.000000
7.507705,COLLISION,9,,
7.514511,TX,6,74,0.000000
7.516261,TX,3,99,0.000000
7.517464,COLLISION,7,,
7.537698,COLLISION,2,,
7.540007,COLLISION,4,,
7.553553,COLLISION,9,,
7.556542,COLLISION,7,,
7.560241,COLLISION,9,,
7.564248,RX,2,97,0.395000
7.568511,TX,6,81,0.000000
7.574007,RX,4,97,0.395000
7.574007,RX,8,97,0.000000
7.579847,COLLISION,8,,
7.582498,COLLISION,1,,
7.582498,COLLISION,7,,
7.584248,COLLISION,2,,
7.589385,COLLISION,1,,
7.594007,COLLISION,4,,
7.594007,COLLISION,8,,
7.598235,COLLISION,1,,
7.605464,RX,3,96,0.000000
7.608792,COLLISION,2,,
7.612490,COLLISION,0,,
7.620760,COLLISION,5,,
7.622511,TX,6,88,0.790000
7.636498,COLLISION,5,,
7.636498,COLLISION,7,,
7.639911,COLLISION,7,,
7.640162,COLLISION,5,,
7.645927,RX,6,97,0.395000
7.650537,COLLISION,0,,
7.651312,RX,3,109,0.000000
7.652235,COLLISION,1,,
7.662792,COLLISION,2,,
7.663692,RX,6,96,0.395000
7.666222,COLLISION,0,,
7.666490,COLLISION,0,,
7.676511,TX,6,95,0.395000
7.686010,COLLISION,1,,
7.690498,COLLISION,1,,
7.690498,COLLISION,5,,
7.690498,COLLISION,7,,
7.699927,RX,6,98,0.000000
7.702241,RX,9,99,0.000000
7.720490,COLLISION,0,,
7.728760,COLLISION,5,,
7.730511,TX,6,105,0.395000
7.738485,RX,8,74,0.000000
7.744498,COLLISION,5,,
7.752177,RX,3,74,0.000000
7.752233,COLLISION,0,,
7.753927,RX,6,99,0.395000
7.760763,COLLISION,5,,
7.774490,COLLISION,0,,
7.784511,TX,6,115,0.395000
7.786065,RX,6,109,0.000000
7.792485,RX,8,81,0.000000
7.802955,RX,9,74,0.000000
7.804792,RX,2,88,0.000000
7.806177,RX,3,81,0.000000
7.815009,RX,4,74,0.000000
7.832498,RX,1,95,0.000000
7.832498,RX,7,95,0.000000
7.838511,TX,6,122,0.000000
7.846485,RX,8,88,0.000000
7.856955,RX,9,81,0.000000
7.858792,RX,2,95,0.000000
7.860177,RX,3,88,0.000000
7.869009,RX,4,81,0.000000
7.886498,RX,1,105,0.000000
7.886498,RX,5,105,0.000000
7.886498,RX,7,105,0.000000
7.892511,TX,6,123,0.000000
7.900485,RX,8,95,0.000000
7.910955,RX,9,88,0.000000
7.912792,RX,2,105,0.000000
7.914177,RX,3,95,0.000000
7.916490,RX,0,105,0.000000
7.923009,RX,4,88,0.000000
7.940498,RX,1,115,0.000000
7.940498,RX,5,115,0.000000
7.940498,RX,7,115,0.000000
7.946511,TX,6,124,0.000000
7.954485,RX,8,105,0.000000
7.964955,RX,9,95,0.000000
7.966792,RX,2,115,0.000000
7.968177,RX,3,105,0.000000
7.970490,RX,0,115,0.000000
7.977009,RX,4,95,0.000000
7.994498,RX,1,122,0.000000
7.994498,RX,5,122,0.000000
7.994498,RX,7,122,0.000000
8.008485,RX,8,115,0.000000
8.018955,RX,9,105,0.000000
8.020792,RX,2,122,0.000000
8.022177,RX,3,115,0.000000
8.024490,RX,0,122,0.000000
8.031009,RX,4,105,0.000000
8.048498,RX,1,123,0.000000
8.048498,RX,5,123,0.000000
8.048498,RX,7,123,0.000000
8.062485,RX,8,122,0.000000
8.063563,TX,7,103,0.395000
8.072955,RX,9,115,0.000000
8.074792,RX,2,123,0.000000
8.076177,RX,3,122,0.000000
8.078490,RX,0,123,0.000000
8.085009,RX,4,115,0.000000
8.102498,RX,1,124,0.000000
8.102498,RX,5,124,0.000000
8.102498,RX,7,124,0.000000
8.116485,RX,8,123,0.000000
8.117563,TX,7,116,0.000000
8.126955,RX,9,122,0.000000
8.128792,RX,2,124,0.000000
8.130177,RX,3,123,0.000000
8.132490,RX,0,124,0.000000
8.139009,RX,4,122,0.000000
8.170485,RX,8,124,0.000000
8.180955,RX,9,123,0.000000
8.184177,RX,3,124,0.000000
8.193009,RX,4,123,0.000000
8.219550,RX,2,103,0.000000
8.219550,RX,6,103,0.000000
8.229309,RX,8,103,0.000000
8.234955,RX,9,124,0.000000
8.245844,RX,3,103,0.000000
8.247009,RX,4,124,0.000000
8.249543,RX,1,103,0.000000
8.273550,RX,2,116,0.000000
8.273550,RX,6,116,0.000000
8.277737,TX,8,111,0.395000
8.283309,RX,8,116,0.000000
8.287537,RX,5,103,0.000000
8.287537,RX,9,103,0.000000
8.299844,RX,3,116,0.000000
8.303543,RX,1,116,0.000000
8.305908,RX,0,103,0.000000
8.305908,RX,4,103,0.000000
8.331737,TX,8,112,0.000000
8.341537,RX,5,116,0.000000
8.341537,RX,9,116,0.000000
8.359908,RX,0,116,0.000000
8.359908,RX,4,116,0.000000
8.385737,TX,8,113,0.000000
8.433724,RX,9,111,0.000000
8.439737,TX,8,119,0.000000
8.443483,RX,3,111,0.000000
8.443483,RX,7,111,0.000000
8.460018,RX,4,111,0.000000
8.463717,RX,2,111,0.000000
8.487724,RX,9,112,0.000000
8.497483,RX,3,112,0.000000
8.497483,RX,7,112,0.000000
8.501711,RX,6,111,0.000000
8.514018,RX,4,112,0.000000
8.515403,RX,1,111,0.000000
8.517717,RX,2,112,0.000000
8.541724,RX,9,113,0.000000
8.551483,RX,3,113,0.000000
8.551483,RX,7,113,0.000000
8.555711,RX,6,112,0.000000
8.566181,RX,5,111,0.000000
8.568018,RX,4,113,0.000000
8.569403,RX,1,112,0.000000
8.571717,RX,2,113,0.000000
8.576556,RX,0,111,0.000000
8.595724,RX,9,119,0.000000
8.605483,RX,3,119,0.000000
8.605483,RX,7,119,0.000000
8.609711,RX,6,113,0.000000
8.620181,RX,5,112,0.000000
8.622018,RX,4,119,0.000000
8.623403,RX,1,113,0.000000
8.625717,RX,2,119,0.000000
8.630556,RX,0,112,0.000000
8.663711,RX,6,119,0.000000
8.674181,RX,5,113,0.000000
8.677403,RX,1,119,0.000000
8.682912,TX,7,143,0.000000
8.684556,RX,0,113,0.000000
8.712111,TX,3,114,0.000000
8.724034,TX,9,145,0.000000
8.728181,RX,5,119,0.000000
8.738556,RX,0,119,0.000000
8.766111,TX,3,120,0.000000
8.780098,COLLISION,2,,
8.789857,COLLISION,8,,
8.792021,COLLISION,4,,
8.792021,COLLISION,8,,
8.813322,TX,6,146,0.395000
8.818886,COLLISION,9,,
8.820111,TX,3,121,0.000000
8.834098,COLLISION,2,,
8.837257,COLLISION,4,,
8.838899,RX,6,143,0.000000
8.843857,COLLISION,4,,
8.843857,COLLISION,8,,
8.860392,COLLISION,7,,
8.864091,COLLISION,9,,
8.865193,RX,3,143,0.000000
8.868892,RX,1,143,0.000000
8.874111,TX,3,125,0.395000
8.881309,COLLISION,1,,
8.881309,COLLISION,7,,
8.888098,COLLISION,2,,
8.894392,RX,7,114,0.790000
8.902085,COLLISION,1,,
8.906886,RX,5,143,0.000000
8.907603,COLLISION,2,,
8.910014,RX,3,145,0.000000
8.914392,COLLISION,7,,
8.916072,COLLISION,0,,
8.924478,COLLISION,6,,
8.924610,COLLISION,5,,
8.925257,RX,0,143,0.395000
8.928111,TX,3,139,0.000000
8.934853,COLLISION,1,,
8.942098,COLLISION,2,,
8.949778,RX,6,114,0.395000
8.951857,COLLISION,8,,
8.969778,COLLISION,6,,
8.970072,COLLISION,0,,
8.982111,TX,3,140,0.000000
8.985857,RX,4,121,0.000000
8.985857,RX,8,121,0.395000
8.990701,COLLISION,5,,
8.999231,COLLISION,0,,
9.005857,COLLISION,8,,
9.006091,RX,9,121,0.000000
9.013766,COLLISION,9,,
9.025820,COLLISION,4,,
9.026091,COLLISION,9,,
9.032610,COLLISION,5,,
9.036111,TX,3,141,0.395000
9.039857,RX,4,125,0.395000
9.044085,RX,1,121,0.000000
9.050988,RX,3,146,0.000000
9.056392,RX,7,125,0.000000
9.059857,COLLISION,4,,
9.084098,RX,2,139,0.000000
9.098085,RX,1,125,0.000000
9.110392,RX,7,139,0.000000
9.111778,RX,6,125,0.000000
9.112072,RX,0,121,0.000000
9.138098,RX,2,140,0.000000
9.147857,RX,8,140,0.000000
9.152085,RX,1,139,0.000000
9.164392,RX,7,140,0.000000
9.165778,RX,6,139,0.000000
9.166072,RX,0,125,0.000000
9.168091,RX,9,140,0.000000
9.174610,RX,5,125,0.000000
9.192098,RX,2,141,0.000000
9.201857,RX,4,141,0.000000
9.201857,RX,8,141,0.000000
9.206085,RX,1,140,0.000000
9.218392,RX,7,141,0.000000
9.219778,RX,6,140,0.000000
9.220072,RX,0,139,0.000000
9.222091,RX,9,141,0.000000
9.228610,RX,5,139,0.000000
9.260085,RX,1,141,0.000000
9.273778,RX,6,141,0.000000
9.274072,RX,0,140,0.000000
9.282610,RX,5,140,0.000000
9.314796,TX,3,155,0.000000
9.328072,RX,0,141,0.000000
9.336610,RX,5,141,0.000000
9.394274,TX,6,157,0.000000
9.448274,TX,6,158,0.000000
9.453747,TX,0,142,0.000000
9.462261,COLLISION,1,,
9.470783,RX,2,155,0.000000
9.480542,RX,4,155,0.000000
9.480542,RX,8,155,0.000000
9.497077,RX,7,155,0.000000
9.500776,RX,9,155,0.000000
9.502274,TX,6,159,0.000000
9.507747,TX,0,156,0.000000
9.516261,COLLISION,1,,
9.521734,COLLISION,1,,
9.521734,COLLISION,5,,
9.527294,COLLISION,5,,
9.550261,RX,5,157,0.790000
9.550261,RX,7,157,0.000000
9.552462,RX,6,155,0.000000
9.570261,COLLISION,5,,
9.575734,COLLISION,1,,
9.575734,COLLISION,5,,
9.576555,RX,2,157,0.000000
9.580254,RX,0,157,0.395000
9.596555,COLLISION,2,,
9.604261,RX,7,158,0.000000
9.606757,RX,0,155,0.395000
9.608092,COLLISION,7,,
9.618248,RX,8,157,0.000000
9.630555,RX,2,158,0.395000
9.631940,RX,3,157,0.000000
9.634254,RX,0,158,0.000000
9.639727,RX,6,142,0.000000
9.643721,COLLISION,2,,
9.657708,COLLISION,3,,
9.664566,COLLISION,8,,
9.672248,RX,8,158,0.395000
9.682718,RX,9,157,0.000000
9.685940,RX,3,158,0.395000
9.688254,RX,0,159,0.000000
9.693727,RX,6,156,0.000000
9.694772,RX,4,157,0.000000
9.708751,TX,2,82,0.000000
9.711708,COLLISION,3,,
9.718566,COLLISION,8,,
9.720414,COLLISION,4,,
9.728944,COLLISION,9,,
9.736718,RX,9,158,0.395000
9.748772,RX,4,158,0.395000
9.750092,RX,7,156,0.000000
9.762751,TX,2,83,0.000000
9.774414,COLLISION,4,,
9.782944,COLLISION,9,,
9.816751,TX,2,89,0.000000
9.836657,TX,5,76,0.000000
9.864738,RX,1,82,0.000000
9.864738,RX,3,82,0.000000
9.864738,RX,7,82,0.000000
9.870751,TX,2,117,0.000000
9.890657,TX,5,77,0.000000
9.891032,RX,6,82,0.000000
9.894730,RX,8,82,0.000000
9.904644,COLLISION,0,,
9.911032,COLLISION,6,,
9.918738,RX,1,83,0.000000
9.918738,RX,3,83,0.000000
9.918738,RX,7,83,0.000000
9.924751,TX,2,118,0.000000
9.932725,RX,0,82,0.395000
9.932725,RX,4,82,0.000000
9.938738,COLLISION,1,,
9.944657,TX,5,126,0.395000
9.945032,RX,6,83,0.395000
9.946417,RX,5,82,0.000000
9.946417,RX,9,82,0.000000
9.948730,RX,8,83,0.000000
9.952725,COLLISION,0,,
9.958644,COLLISION,0,,
9.958644,COLLISION,6,,
9.965032,COLLISION,6,,
9.972631,COLLISION,7,,
9.972738,RX,1,89,0.395000
9.972738,RX,3,89,0.000000
9.972738,RX,7,89,0.395000
9.978751,TX,2,134,0.000000
9.984938,COLLISION,1,,
9.986725,RX,4,83,0.000000
9.992738,COLLISION,1,,
9.992738,COLLISION,7,,
9.998657,TX,5,147,0.395000
10.000417,RX,5,83,0.000000
10.000417,RX,9,83,0.000000
10.002730,RX,8,89,0.000000
10.012644,COLLISION,0,,
10.019032,COLLISION,6,,
10.026631,COLLISION,7,,
10.026738,RX,3,117,0.000000
10.032751,TX,2,135,0.395000
10.037101,COLLISION,8,,
10.040725,RX,4,89,0.000000
10.046738,COLLISION,1,,
10.049155,COLLISION,3,,
10.054417,RX,5,89,0.000000
10.054417,RX,9,89,0.000000
10.056730,RX,8,117,0.395000
10.060725,COLLISION,0,,
10.066644,COLLISION,0,,
10.066644,COLLISION,6,,
10.073032,COLLISION,6,,
10.074323,RX,2,76,0.000000
10.076730,COLLISION,8,,
10.080631,COLLISION,7,,
10.080738,RX,3,118,0.395000
10.086751,TX,2,136,0.395000
10.091101,COLLISION,8,,
10.092938,COLLISION,1,,
10.094725,RX,4,117,0.000000
10.100738,COLLISION,1,,
10.100738,COLLISION,3,,
10.100738,COLLISION,7,,
10.103155,COLLISION,3,,
10.103323,COLLISION,9,,
10.108417,RX,5,117,0.000000
10.108417,RX,9,117,0.395000
10.114725,COLLISION,4,,
10.128323,RX,2,77,0.000000
10.128417,COLLISION,9,,
10.134631,COLLISION,7,,
10.140751,TX,2,137,0.395000
10.141260,TX,3,169,0.790000
10.145101,COLLISION,8,,
10.148725,RX,4,118,0.395000
10.157155,COLLISION,3,,
10.157323,COLLISION,9,,
10.162417,RX,5,118,0.000000
10.165854,COLLISION,4,,
10.168725,COLLISION,4,,
10.182323,RX,2,126,0.000000
10.184730,COLLISION,8,,
10.194751,TX,2,138,0.395000
10.199101,COLLISION,8,,
10.202725,RX,0,134,0.000000
10.208738,COLLISION,3,,
10.211155,COLLISION,3,,
10.211323,COLLISION,9,,
10.215032,RX,6,135,0.000000
10.216417,RX,5,134,0.000000
10.219854,COLLISION,4,,
10.222725,COLLISION,4,,
10.235541,COLLISION,7,,
10.236323,RX,2,147,0.000000
10.236417,COLLISION,9,,
10.238730,COLLISION,8,,
10.239240,COLLISION,9,,
10.242738,RX,1,136,0.000000
10.242738,RX,7,136,0.395000
10.248751,TX,2,148,0.000000
10.256725,RX,0,135,0.000000
10.262738,COLLISION,7,,
10.265323,COLLISION,9,,
10.269032,RX,6,136,0.000000
10.270417,RX,5,135,0.000000
10.273854,COLLISION,4,,
10.276725,COLLISION,4,,
10.277234,COLLISION,1,,
10.290927,COLLISION,6,,
10.292730,COLLISION,8,,
10.296738,RX,1,137,0.395000
10.297247,RX,2,169,0.000000
10.302751,TX,2,149,0.000000
10.310725,RX,0,136,0.000000
10.316738,COLLISION,1,,
10.323032,RX,6,137,0.395000
10.324417,RX,5,136,0.000000
10.329077,TX,4,110,0.000000
10.337656,TX,8,152,0.000000
10.343032,COLLISION,6,,
10.345221,COLLISION,0,,
10.350738,RX,3,138,0.000000
10.353759,COLLISION,5,,
10.356751,TX,2,177,0.000000
10.364725,RX,0,137,0.395000
10.378417,RX,5,137,0.395000
10.378417,RX,9,137,0.000000
10.383077,TX,4,127,0.395000
10.384725,COLLISION,0,,
10.391656,TX,8,153,0.395000
10.398417,COLLISION,5,,
10.398417,COLLISION,9,,
10.404738,RX,3,148,0.000000
10.404738,RX,7,148,0.000000
10.405643,COLLISION,9,,
10.406823,COLLISION,3,,
10.410751,TX,2,178,0.000000
10.415402,COLLISION,3,,
10.418725,RX,4,138,0.000000
10.423358,COLLISION,8,,
10.424738,COLLISION,3,,
10.424738,COLLISION,7,,
10.432417,RX,9,138,0.790000
10.434730,RX,8,148,0.395000
10.438725,COLLISION,4,,
10.451064,COLLISION,9,,
10.452417,COLLISION,9,,
10.454730,COLLISION,8,,
10.458738,RX,1,149,0.000000
10.458738,RX,7,149,0.395000
10.459643,COLLISION,9,,
10.469402,COLLISION,3,,
10.469402,COLLISION,7,,
10.472725,RX,4,148,0.395000
10.473629,COLLISION,6,,
10.477358,COLLISION,8,,
10.478738,COLLISION,3,,
10.478738,COLLISION,7,,
10.483421,COLLISION,7,,
10.485032,RX,6,149,0.395000
10.485937,COLLISION,4,,
10.487322,COLLISION,1,,
10.492725,COLLISION,4,,
10.505032,COLLISION,6,,
10.512738,RX,1,177,0.395000
10.523635,RX,2,152,0.395000
10.526725,RX,0,149,0.000000
10.527629,COLLISION,6,,
10.529521,COLLISION,1,,
10.538100,COLLISION,5,,
10.540417,RX,5,149,0.395000
10.541322,COLLISION,1,,
10.548474,COLLISION,0,,
10.553050,RX,2,110,0.395000
10.560417,COLLISION,5,,
10.577635,RX,2,153,0.395000
10.580725,RX,0,177,0.395000
10.592100,COLLISION,5,,
10.594417,RX,9,177,0.000000
10.595743,COLLISION,0,,
10.596730,RX,8,178,0.000000
10.602474,COLLISION,0,,
10.607050,RX,2,127,0.000000
10.625421,RX,7,127,0.000000
10.629575,RX,6,110,0.000000
10.634725,RX,4,178,0.000000
10.648417,RX,9,178,0.000000
10.648654,TX,1,106,0.395000
10.671521,RX,1,127,0.000000
10.683575,RX,6,127,0.000000
10.692274,RX,5,110,0.000000
10.702654,TX,1,107,0.000000
10.737743,RX,0,127,0.000000
10.746274,RX,5,127,0.000000
10.756654,TX,1,131,0.000000
10.804641,RX,0,106,0.000000
10.804641,RX,2,106,0.000000
10.804641,RX,6,106,0.000000
10.810654,TX,1,132,0.000000
10.830935,RX,5,106,0.000000
10.834634,RX,7,106,0.000000
10.858641,RX,0,107,0.000000
10.858641,RX,2,107,0.000000
10.858641,RX,6,107,0.000000
10.864654,TX,1,133,0.000000
10.872628,RX,3,106,0.000000
10.884935,RX,5,107,0.000000
10.886320,RX,8,106,0.000000
10.888634,RX,7,107,0.000000
10.912641,RX,0,131,0.000000
10.912641,RX,2,131,0.000000
10.912641,RX,6,131,0.000000
10.918654,TX,1,144,0.000000
10.926628,RX,3,107,0.000000
10.937098,RX,4,106,0.000000
10.938935,RX,5,131,0.000000
10.940320,RX,8,107,0.000000
10.942634,RX,7,131,0.000000
10.947473,RX,9,106,0.000000
10.966641,RX,0,132,0.000000
10.966641,RX,2,132,0.000000
10.966641,RX,6,132,0.000000
10.972654,TX,1,172,0.000000
10.980628,RX,3,131,0.000000
10.991098,RX,4,107,0.000000
10.992935,RX,5,132,0.000000
10.994320,RX,8,131,0.000000
10.996634,RX,7,132,0.000000
11.001473,RX,9,107,0.000000
11.020641,RX,0,133,0.000000
11.020641,RX,2,133,0.000000
11.020641,RX,6,133,0.000000
11.026654,TX,1,173,0.000000
11.034628,RX,3,132,0.000000
11.045098,RX,4,131,0.000000
11.046935,RX,5,133,0.000000
11.048320,RX,8,132,0.000000
11.050634,RX,7,133,0.000000
11.055473,RX,9,131,0.000000
11.074641,RX,0,144,0.000000
11.074641,RX,2,144,0.000000
11.074641,RX,6,144,0.000000
11.080654,TX,1,174,0.000000
11.088628,RX,3,133,0.000000
11.099098,RX,4,132,0.000000
11.100935,RX,5,144,0.000000
11.102320,RX,8,133,0.000000
11.104634,RX,7,144,0.000000
11.109473,RX,9,132,0.000000
11.128641,RX,0,172,0.000000
11.128641,RX,2,172,0.000000
11.128641,RX,6,172,0.000000
11.134654,TX,1,175,0.000000
11.142628,RX,3,144,0.000000
11.153098,RX,4,133,0.000000
11.154935,RX,5,172,0.000000
11.156320,RX,8,144,0.000000
11.158634,RX,7,172,0.000000
11.163473,RX,9,133,0.000000
11.182641,RX,0,173,0.000000
11.182641,RX,2,173,0.000000
11.182641,RX,6,173,0.000000
11.188654,TX,1,176,0.000000
11.196628,RX,3,172,0.000000
11.207098,RX,4,144,0.000000
11.208935,RX,5,173,0.000000
11.210320,RX,8,172,0.000000
11.212634,RX,7,173,0.000000
11.217473,RX,9,144,0.000000
11.236641,RX,0,174,0.000000
11.236641,RX,2,174,0.000000
11.236641,RX,6,174,0.000000
11.242654,TX,1,179,0.000000
11.250628,RX,3,173,0.000000
11.261098,RX,4,172,0.000000
11.262935,RX,5,174,0.000000
11.264320,RX,8,173,0.000000
11.266634,RX,7,174,0.000000
11.271473,RX,9,172,0.000000
11.290641,RX,0,175,0.000000
11.290641,RX,2,175,0.000000
11.290641,RX,6,175,0.000000
11.304628,RX,3,174,0.000000
11.315098,RX,4,173,0.000000
11.316935,RX,5,175,0.000000
11.318320,RX,8,174,0.000000
11.320634,RX,7,175,0.000000
11.325473,RX,9,173,0.000000
11.344641,RX,0,176,0.000000
11.344641,RX,2,176,0.000000
11.344641,RX,6,176,0.000000
11.358628,RX,3,175,0.000000
11.369098,RX,4,174,0.000000
11.370935,RX,5,176,0.000000
11.372320,RX,8,175,0.000000
11.374634,RX,7,176,0.000000
11.379473,RX,9,174,0.000000
11.398641,RX,0,179,0.000000
11.398641,RX,2,179,0.000000
11.398641,RX,6,179,0.000000
11.412628,RX,3,176,0.000000
11.423098,RX,4,175,0.000000
11.424935,RX,5,179,0.000000
11.426320,RX,8,176,0.000000
11.428634,RX,7,179,0.000000
11.433473,RX,9,175,0.000000
11.466628,RX,3,179,0.000000
11.477098,RX,4,176,0.000000
11.480320,RX,8,179,0.000000
11.487473,RX,9,176,0.000000
11.507514,TX,3,193,0.000000
11.531098,RX,4,179,0.000000
11.541473,RX,9,179,0.000000
11.561514,TX,3,194,0.000000
11.575064,TX,8,196,0.000000
11.615514,TX,3,195,0.000000
11.629641,TX,0,163,0.000000
11.643051,COLLISION,9,,
11.655795,COLLISION,7,,
11.659494,COLLISION,9,,
11.663501,RX,2,193,0.000000
11.669345,COLLISION,4,,
11.673044,COLLISION,2,,
11.673260,RX,4,193,0.395000
11.673260,RX,8,193,0.000000
11.674518,TX,5,170,0.000000
11.683501,COLLISION,2,,
11.683641,TX,0,183,0.000000
11.689795,RX,7,193,0.395000
11.693260,COLLISION,4,,
11.697628,COLLISION,1,,
11.709795,COLLISION,7,,
11.711180,COLLISION,6,,
11.724730,COLLISION,1,,
11.727260,RX,8,194,0.000000
11.727620,COLLISION,6,,
11.731488,RX,1,193,0.790000
11.737641,TX,0,184,0.000000
11.740810,RX,3,196,0.000000
11.742505,COLLISION,6,,
11.745180,RX,6,193,1.185000
11.751488,COLLISION,1,,
11.751628,COLLISION,1,,
11.765180,COLLISION,6,,
11.768799,COLLISION,1,,
11.775508,COLLISION,5,,
11.781260,RX,8,195,0.000000
11.781620,COLLISION,6,,
11.785628,RX,5,163,0.790000
11.791641,TX,0,185,0.790000
11.799475,RX,0,193,0.395000
11.801494,RX,9,195,0.000000
11.805628,COLLISION,5,,
11.808013,RX,5,193,1.185000
11.810492,COLLISION,7,,
11.824185,COLLISION,2,,
11.828013,COLLISION,5,,
11.830505,RX,0,170,0.790000
11.837985,COLLISION,7,,
11.853475,RX,0,194,0.395000
11.853615,RX,2,163,0.395000
11.855909,TX,9,150,0.000000
11.873615,COLLISION,2,,
11.873883,RX,0,196,0.395000
11.874962,COLLISION,8,,
11.887602,COLLISION,3,,
11.893628,RX,1,184,0.000000
11.894459,COLLISION,8,,
11.907475,RX,0,195,0.000000
11.921602,RX,3,163,0.395000
11.923620,RX,6,184,0.000000
11.923896,COLLISION,4,,
11.923896,COLLISION,8,,
11.941185,COLLISION,9,,
11.941602,COLLISION,3,,
11.947628,RX,1,185,0.000000
11.947628,RX,5,185,0.000000
11.949715,COLLISION,4,,
11.950307,COLLISION,4,,
11.953889,COLLISION,3,,
11.958838,COLLISION,9,,
11.977620,RX,6,185,0.000000
11.979985,RX,7,184,0.000000
11.980284,TX,5,171,0.000000
12.015615,RX,2,185,0.000000
12.033985,RX,7,185,0.000000
12.034284,TX,5,181,0.000000
12.036459,RX,8,184,0.000000
12.056353,COLLISION,6,,
12.074565,COLLISION,1,,
12.079883,RX,7,150,0.000000
12.083602,RX,3,185,0.000000
12.090459,RX,8,185,0.000000
12.092307,RX,4,184,0.000000
12.093575,RX,2,150,0.000000
12.100838,RX,9,184,0.000000
12.102271,COLLISION,6,,
12.128565,COLLISION,1,,
12.131106,COLLISION,0,,
12.136271,RX,0,171,0.395000
12.146307,RX,4,185,0.000000
12.150968,TX,4,128,0.000000
12.154838,RX,9,185,0.000000
12.170398,TX,5,206,0.395000
12.204258,RX,7,171,0.000000
12.204968,TX,4,129,0.000000
12.210576,RX,5,150,0.000000
12.217951,RX,2,171,0.000000
12.228714,COLLISION,3,,
12.245249,COLLISION,8,,
12.246783,COLLISION,3,,
12.246951,COLLISION,9,,
12.258258,RX,7,181,0.000000
12.268728,RX,8,171,0.395000
12.271951,RX,2,181,0.000000
12.272955,COLLISION,9,,
12.299249,COLLISION,8,,
12.300951,COLLISION,9,,
12.306372,COLLISION,7,,
12.320064,COLLISION,2,,
12.326385,RX,0,206,0.000000
12.326385,RX,6,206,0.000000
12.340942,COLLISION,2,,
12.343481,RX,4,171,0.000000
12.352679,RX,1,206,0.000000
12.359313,COLLISION,7,,
12.370714,RX,3,129,0.000000
12.397481,RX,4,181,0.000000
12.439412,RX,1,128,0.000000
12.451467,RX,6,128,0.000000
12.458842,RX,8,206,0.000000
12.470896,RX,3,206,0.000000
12.493412,RX,1,129,0.000000
12.498704,TX,6,207,0.395000
12.505467,RX,6,129,0.000000
12.505635,RX,0,128,0.000000
12.514165,RX,5,128,0.000000
12.525065,RX,9,206,0.000000
12.533595,RX,4,206,0.000000
12.540876,TX,8,208,0.000000
12.559635,RX,0,129,0.000000
12.568165,RX,5,129,0.000000
12.594876,TX,8,209,0.000000
12.648370,COLLISION,3,,
12.648876,TX,8,210,0.000000
12.654691,RX,1,207,0.000000
12.654691,RX,5,207,0.000000
12.654691,RX,7,207,0.000000
12.672622,COLLISION,3,,
12.680985,RX,2,207,0.000000
12.684684,RX,0,207,0.000000
12.696863,RX,9,208,0.000000
12.699148,COLLISION,9,,
12.702876,TX,8,211,0.395000
12.706622,RX,7,208,0.000000
12.711202,COLLISION,4,,
12.716863,COLLISION,9,,
12.722678,RX,8,207,0.000000
12.723157,RX,4,208,0.395000
12.726855,RX,2,208,0.000000
12.743157,COLLISION,4,,
12.760622,RX,7,209,0.000000
12.764850,RX,6,208,0.000000
12.778542,RX,1,208,0.000000
12.780855,RX,2,209,0.000000
12.814622,RX,3,210,0.000000
12.814622,RX,7,210,0.000000
12.818850,RX,6,209,0.000000
12.829320,RX,5,208,0.000000
12.832542,RX,1,209,0.000000
12.834855,RX,2,210,0.000000
12.839694,RX,0,208,0.000000
12.858863,RX,9,211,0.000000
12.868622,RX,3,211,0.000000
12.868622,RX,7,211,0.000000
12.872850,RX,6,210,0.000000
12.883320,RX,5,209,0.000000
12.885157,RX,4,211,0.000000
12.886542,RX,1,210,0.000000
12.888855,RX,2,211,0.000000
12.893694,RX,0,209,0.000000
12.908928,TX,1,199,0.395000
12.926829,TX,3,215,0.000000
12.926850,RX,6,211,0.000000
12.937320,RX,5,210,0.000000
12.940542,RX,1,211,0.000000
12.947694,RX,0,210,0.000000
12.962928,TX,1,214,0.000000
12.991320,RX,5,211,0.000000
12.994816,COLLISION,2,,
13.001694,RX,0,211,0.000000
13.021110,COLLISION,7,,
13.030915,COLLISION,2,,
13.037202,TX,1,216,0.000000
13.060907,COLLISION,7,,
13.064915,RX,0,199,0.000000
13.064915,RX,6,199,0.000000
13.091209,RX,5,199,0.000000
13.092575,RX,4,215,0.000000
13.092575,RX,8,215,0.000000
13.105189,COLLISION,6,,
13.112808,RX,9,215,0.000000
13.118915,RX,0,214,0.000000
13.118915,RX,6,214,0.395000
13.130790,COLLISION,0,,
13.132902,RX,3,199,0.000000
13.139327,COLLISION,5,,
13.145209,RX,5,214,0.395000
13.146594,RX,8,199,0.000000
13.150803,RX,1,215,0.000000
13.186902,RX,3,214,0.000000
13.193189,RX,2,216,0.000000
13.197372,RX,4,199,0.000000
13.200594,RX,8,214,0.000000
13.207746,RX,9,199,0.000000
13.223182,RX,7,216,0.000000
13.233185,TX,6,217,0.000000
13.251372,RX,4,214,0.000000
13.261176,RX,3,216,0.000000
13.261746,RX,9,214,0.000000
13.274868,RX,8,216,0.000000
13.279317,TX,7,167,0.000000
13.287185,TX,6,218,0.000000
13.305902,TX,4,130,0.395000
13.325646,RX,4,216,0.000000
13.333317,TX,7,168,0.000000
13.336021,RX,9,216,0.000000
13.341185,TX,6,219,0.000000
13.347304,COLLISION,2,,
13.359902,TX,4,154,0.000000
13.369159,COLLISION,8,,
13.377297,COLLISION,1,,
13.381466,COLLISION,2,,
13.382851,COLLISION,3,,
13.383648,COLLISION,3,,
13.387317,TX,7,197,0.395000
13.389172,RX,1,217,0.395000
13.389172,RX,5,217,0.000000
13.389172,RX,7,217,0.000000
13.395185,TX,6,220,0.395000
13.400183,COLLISION,8,,
13.401304,COLLISION,2,,
13.409172,COLLISION,1,,
13.411063,COLLISION,8,,
13.413902,TX,4,160,0.000000
13.415291,COLLISION,5,,
13.415291,COLLISION,9,,
13.419164,RX,0,217,0.000000
13.423159,COLLISION,8,,
13.427598,COLLISION,3,,
13.427889,COLLISION,9,,
13.431297,COLLISION,1,,
13.433629,COLLISION,9,,
13.435304,RX,6,167,0.000000
13.436851,COLLISION,3,,
13.437648,COLLISION,3,,
13.439164,COLLISION,0,,
13.441317,TX,7,198,0.395000
13.441876,COLLISION,2,,
13.443172,RX,5,218,0.395000
13.443172,RX,7,218,0.000000
13.445683,COLLISION,4,,
13.455304,COLLISION,2,,
13.463172,COLLISION,5,,
13.463172,COLLISION,7,,
13.465063,COLLISION,8,,
13.467902,TX,4,161,0.395000
13.469291,COLLISION,5,,
13.473164,RX,0,218,0.395000
13.477159,COLLISION,8,,
13.481889,COLLISION,9,,
13.485297,COLLISION,1,,
13.487629,COLLISION,9,,
13.487662,COLLISION,0,,
13.487662,COLLISION,4,,
13.489304,RX,6,168,0.000000
13.489466,COLLISION,2,,
13.490851,COLLISION,3,,
13.491648,COLLISION,3,,
13.493164,COLLISION,0,,
13.495317,TX,7,200,0.790000
13.495876,COLLISION,2,,
13.497172,RX,7,219,0.395000
13.499683,COLLISION,4,,
13.506346,COLLISION,1,,
13.508183,COLLISION,8,,
13.509304,COLLISION,2,,
13.514246,COLLISION,7,,
13.518400,COLLISION,6,,
13.519063,COLLISION,8,,
13.521902,TX,4,162,0.790000
13.523291,COLLISION,9,,
13.531159,COLLISION,8,,
13.535598,COLLISION,3,,
13.535889,COLLISION,9,,
13.539297,COLLISION,1,,
13.541629,COLLISION,9,,
13.543304,RX,6,197,0.395000
13.544851,COLLISION,3,,
13.545648,COLLISION,3,,
13.553683,COLLISION,4,,
13.563304,COLLISION,2,,
13.563304,COLLISION,6,,
13.572400,COLLISION,6,,
13.572569,COLLISION,0,,
13.573063,COLLISION,8,,
13.575902,TX,4,201,0.395000
13.581099,COLLISION,5,,
13.589889,COLLISION,9,,
13.593297,COLLISION,1,,
13.595629,COLLISION,9,,
13.595662,COLLISION,0,,
13.595662,COLLISION,4,,
13.599648,COLLISION,3,,
13.603876,COLLISION,2,,
13.607683,COLLISION,4,,
13.611291,RX,5,197,0.395000
13.614346,COLLISION,1,,
13.616183,COLLISION,8,,
13.626569,COLLISION,0,,
13.629902,TX,4,202,0.790000
13.631291,COLLISION,5,,
13.631291,COLLISION,9,,
13.635099,COLLISION,5,,
13.643889,COLLISION,9,,
13.653648,COLLISION,3,,
13.656246,RX,7,160,0.000000
13.680569,COLLISION,0,,
13.683902,TX,4,203,0.000000
13.710246,RX,7,161,0.000000
13.714400,RX,6,160,0.000000
13.734569,COLLISION,0,,
13.737662,RX,4,200,0.000000
13.737902,TX,4,204,0.000000
13.745876,RX,2,162,0.000000
13.756346,RX,1,161,0.000000
13.758183,RX,8,201,0.000000
13.764246,RX,7,162,0.000000
13.768400,RX,6,161,0.000000
13.777099,RX,5,160,0.000000
13.785889,RX,9,202,0.000000
13.791902,TX,4,205,0.000000
13.795648,RX,3,202,0.000000
13.799876,RX,2,201,0.000000
13.810346,RX,1,162,0.000000
13.812183,RX,8,202,0.000000
13.818246,RX,7,201,0.000000
13.822400,RX,6,162,0.000000
13.831099,RX,5,161,0.000000
13.839889,RX,9,203,0.000000
13.849648,RX,3,203,0.000000
13.853876,RX,2,202,0.000000
13.864346,RX,1,201,0.000000
13.866183,RX,8,203,0.000000
13.872246,RX,7,202,0.000000
13.876400,RX,6,201,0.000000
13.876569,RX,0,162,0.000000
13.885099,RX,5,162,0.000000
13.893889,RX,9,204,0.000000
13.903648,RX,3,204,0.000000
13.907876,RX,2,203,0.000000
13.918346,RX,1,202,0.000000
13.920183,RX,8,204,0.000000
13.926246,RX,7,203,0.000000
13.930400,RX,6,202,0.000000
13.930569,RX,0,201,0.000000
13.939099,RX,5,201,0.000000
13.947889,RX,9,205,0.000000
13.957648,RX,3,205,0.000000
13.961876,RX,2,204,0.000000
13.972346,RX,1,203,0.000000
13.974183,RX,8,205,0.000000
13.980246,RX,7,204,0.000000
13.984400,RX,6,203,0.000000
13.984569,RX,0,202,0.000000
13.993099,RX,5,202,0.000000
14.015876,RX,2,205,0.000000
14.026346,RX,1,204,0.000000
14.034246,RX,7,205,0.000000
14.038400,RX,6,204,0.000000
14.038569,RX,0,203,0.000000
14.047099,RX,5,203,0.000000
14.080346,RX,1,205,0.000000
14.092400,RX,6,205,0.000000
14.092569,RX,0,204,0.000000
14.101099,RX,5,204,0.000000
14.108313,TX,3,225,0.000000
14.123064,TX,9,151,0.000000
14.146569,RX,0,205,0.000000
14.155099,RX,5,205,0.000000
14.162313,TX,3,226,0.000000
14.171779,TX,7,228,0.000000
14.177064,TX,9,164,0.000000
14.191051,COLLISION,4,,
14.191051,COLLISION,8,,
14.225779,TX,7,229,0.000000
14.231064,TX,9,165,0.000000
14.239766,COLLISION,2,,
14.240059,COLLISION,4,,
14.240059,COLLISION,8,,
14.245051,COLLISION,4,,
14.245051,COLLISION,8,,
14.249525,COLLISION,8,,
14.257980,COLLISION,6,,
14.259038,COLLISION,7,,
14.264300,RX,2,225,0.395000
14.269758,COLLISION,1,,
14.272730,COLLISION,2,,
14.275044,COLLISION,3,,
14.279779,TX,7,230,0.790000
14.285064,TX,9,166,0.395000
14.290594,RX,7,225,0.395000
14.293766,COLLISION,2,,
14.293766,COLLISION,6,,
14.294293,RX,9,225,0.000000
14.298287,COLLISION,1,,
14.303525,COLLISION,8,,
14.309044,RX,3,151,0.395000
14.311980,COLLISION,6,,
14.313038,COLLISION,7,,
14.320060,COLLISION,3,,
14.320812,COLLISION,5,,
14.323508,COLLISION,6,,
14.323758,COLLISION,1,,
14.326123,COLLISION,0,,
14.326123,COLLISION,4,,
14.329044,COLLISION,3,,
14.339064,TX,9,186,0.395000
14.347766,COLLISION,2,,
14.348293,RX,9,226,0.000000
14.353051,COLLISION,4,,
14.353051,COLLISION,8,,
14.357525,COLLISION,8,,
14.361753,COLLISION,5,,
14.366274,COLLISION,0,,
14.374812,COLLISION,5,,
14.377508,COLLISION,6,,
14.377758,COLLISION,1,,
14.380123,COLLISION,0,,
14.380123,COLLISION,4,,
14.380730,COLLISION,2,,
14.383044,COLLISION,3,,
14.387882,COLLISION,1,,
14.389731,COLLISION,5,,
14.393064,TX,9,187,0.395000
14.395753,RX,9,228,0.000000
14.398261,COLLISION,0,,
14.431508,COLLISION,6,,
14.434123,COLLISION,4,,
14.437044,COLLISION,3,,
14.443731,COLLISION,5,,
14.447064,TX,9,188,0.395000
14.449753,RX,9,229,0.000000
14.452261,COLLISION,0,,
14.455038,RX,7,165,0.000000
14.461051,COLLISION,4,,
14.495051,RX,8,186,0.000000
14.497731,COLLISION,5,,
14.501064,TX,9,189,0.395000
14.503753,RX,9,230,0.000000
14.506261,COLLISION,0,,
14.509038,RX,7,166,0.000000
14.522730,RX,2,166,0.000000
14.529882,RX,1,165,0.000000
14.549051,RX,8,187,0.000000
14.555064,TX,9,190,0.000000
14.563038,RX,7,186,0.000000
14.573508,RX,6,166,0.000000
14.576730,RX,2,186,0.000000
14.579044,RX,3,187,0.000000
14.583882,RX,1,166,0.000000
14.603051,RX,4,188,0.000000
14.603051,RX,8,188,0.000000
14.609064,TX,9,221,0.000000
14.617038,RX,7,187,0.000000
14.627508,RX,6,186,0.000000
14.630730,RX,2,187,0.000000
14.633044,RX,3,188,0.000000
14.637882,RX,1,186,0.000000
14.639731,RX,5,166,0.000000
14.648261,RX,0,166,0.000000
14.657051,RX,4,189,0.000000
14.657051,RX,8,189,0.000000
14.663064,TX,9,222,0.000000
14.671038,RX,7,188,0.000000
14.681508,RX,6,187,0.000000
14.684730,RX,2,188,0.000000
14.687044,RX,3,189,0.000000
14.691882,RX,1,187,0.000000
14.693731,RX,5,186,0.000000
14.702261,RX,0,186,0.000000
14.711051,RX,4,190,0.000000
14.711051,RX,8,190,0.000000
14.725038,RX,7,189,0.000000
14.735508,RX,6,188,0.000000
14.738730,RX,2,189,0.000000
14.741044,RX,3,190,0.000000
14.745882,RX,1,188,0.000000
14.747731,RX,5,187,0.000000
14.756261,RX,0,187,0.000000
14.765051,RX,4,221,0.000000
14.765051,RX,8,221,0.000000
14.779038,RX,7,190,0.000000
14.789508,RX,6,189,0.000000
14.792730,RX,2,190,0.000000
14.795044,RX,3,221,0.000000
14.799882,RX,1,189,0.000000
14.801731,RX,5,188,0.000000
14.810261,RX,0,188,0.000000
14.819051,RX,4,222,0.000000
14.819051,RX,8,222,0.000000
14.833038,RX,7,221,0.000000
14.843508,RX,6,190,0.000000
14.846730,RX,2,221,0.000000
14.849044,RX,3,222,0.000000
14.853882,RX,1,190,0.000000
14.855731,RX,5,189,0.000000
14.864261,RX,0,189,0.000000
14.877630,TX,0,213,0.395000
14.887038,RX,7,222,0.000000
14.897508,RX,6,221,0.000000
14.900730,RX,2,222,0.000000
14.907882,RX,1,221,0.000000
14.909731,RX,5,190,0.000000
14.918261,RX,0,190,0.000000
14.931630,TX,0,223,0.395000
14.945616,COLLISION,5,,
14.951508,RX,6,222,0.000000
14.961882,RX,1,222,0.000000
14.963731,RX,5,221,0.395000
14.972261,RX,0,221,0.000000
14.985630,TX,0,227,0.395000
14.999616,COLLISION,5,,
15.007195,TX,2,180,0.000000
15.026261,RX,0,222,0.000000
15.033616,RX,1,213,0.000000
15.061195,TX,2,182,0.395000
15.063609,RX,6,213,0.000000
15.075182,COLLISION,1,,
15.075182,COLLISION,7,,
15.081590,COLLISION,3,,
15.085974,COLLISION,7,,
15.087616,RX,1,223,0.395000
15.101476,COLLISION,6,,
15.101603,RX,2,213,0.000000
15.105175,COLLISION,8,,
15.115195,TX,2,191,0.395000
15.117609,RX,6,223,0.395000
15.129182,COLLISION,1,,
15.129182,COLLISION,3,,
15.135590,COLLISION,3,,
15.139974,COLLISION,7,,
15.141616,RX,5,227,0.000000
15.142448,COLLISION,8,,
15.144296,COLLISION,4,,
15.155476,COLLISION,6,,
15.155603,RX,2,223,0.000000
15.156861,COLLISION,9,,
15.159175,COLLISION,8,,
15.169195,TX,2,192,0.395000
15.183182,COLLISION,7,,
15.189590,COLLISION,3,,
15.197169,COLLISION,4,,
15.198296,COLLISION,4,,
15.206826,COLLISION,9,,
15.209603,RX,2,227,0.000000
15.210862,COLLISION,9,,
15.213175,COLLISION,8,,
15.223195,TX,2,212,0.000000
15.231169,RX,0,180,0.000000
15.237182,COLLISION,3,,
15.244862,RX,5,180,0.000000
15.252296,COLLISION,4,,
15.264862,COLLISION,9,,
15.267175,COLLISION,8,,
15.271182,RX,1,191,0.000000
15.277195,TX,2,231,0.000000
15.285169,RX,0,182,0.000000
15.297476,RX,6,191,0.000000
15.298861,RX,5,182,0.000000
15.305169,COLLISION,4,,
15.318862,COLLISION,9,,
15.325182,RX,1,192,0.000000
15.325182,RX,7,192,0.000000
15.331195,TX,2,240,0.000000
15.339169,RX,0,191,0.000000
15.351476,RX,6,192,0.000000
15.352861,RX,5,191,0.000000
15.379182,RX,1,212,0.000000
15.379182,RX,3,212,0.000000
15.379182,RX,7,212,0.000000
15.385195,TX,2,245,0.000000
15.393169,RX,0,192,0.000000
15.405476,RX,6,212,0.000000
15.406418,TX,4,232,0.395000
15.406861,RX,5,192,0.000000
15.409175,RX,8,212,0.000000
15.433182,RX,1,231,0.000000
15.433182,RX,3,231,0.000000
15.433182,RX,7,231,0.000000
15.447169,RX,0,212,0.000000
15.447169,RX,4,212,0.000000
15.459476,RX,6,231,0.000000
15.460418,TX,4,234,0.395000
15.460862,RX,5,212,0.000000
15.460862,RX,9,212,0.000000
15.463175,RX,8,231,0.000000
15.480861,COLLISION,9,,
15.484164,COLLISION,3,,
15.487182,RX,1,240,0.000000
15.487182,RX,3,240,0.395000
15.487182,RX,7,240,0.000000
15.500699,COLLISION,8,,
15.501169,RX,0,231,0.000000
15.501169,RX,4,231,0.000000
15.513476,RX,6,240,0.000000
15.514418,TX,4,241,0.395000
15.514862,RX,5,231,0.000000
15.514862,RX,9,231,0.395000
15.517175,RX,8,240,0.395000
15.528405,COLLISION,9,,
15.534861,COLLISION,9,,
15.538164,COLLISION,3,,
15.538765,TX,6,242,0.395000
15.541182,RX,1,245,0.000000
15.541182,RX,7,245,0.000000
15.554699,COLLISION,8,,
15.555169,RX,0,240,0.000000
15.555169,RX,4,240,0.000000
15.567476,RX,6,245,0.000000
15.568418,TX,4,243,0.395000
15.568862,RX,5,240,0.000000
15.606862,COLLISION,1,,
15.609169,RX,0,245,0.000000
15.609169,RX,4,245,0.000000
15.614762,COLLISION,7,,
15.622418,TX,4,244,0.000000
15.622862,RX,5,245,0.000000
15.630392,RX,2,232,0.000000
15.633046,COLLISION,2,,
15.648762,RX,7,232,0.395000
15.650392,COLLISION,2,,
15.660862,COLLISION,1,,
15.668762,COLLISION,7,,
15.670405,RX,9,241,0.000000
15.673084,COLLISION,0,,
15.674739,COLLISION,8,,
15.676418,TX,4,250,0.000000
15.680164,RX,3,241,0.000000
15.688431,COLLISION,3,,
15.694752,RX,5,242,0.000000
15.696699,RX,8,241,0.395000
15.700164,COLLISION,3,,
15.706916,RX,6,232,0.000000
15.716699,COLLISION,8,,
15.724405,RX,9,243,0.000000
15.744405,COLLISION,9,,
15.760916,RX,6,234,0.000000
15.769615,RX,5,232,0.000000
15.778405,RX,9,244,0.395000
15.792392,RX,2,243,0.000000
15.802862,RX,1,241,0.000000
15.810762,RX,7,243,0.000000
15.814916,RX,6,241,0.000000
15.815084,RX,0,234,0.000000
15.823615,RX,5,234,0.000000
15.839263,RX,4,242,0.000000
15.842164,RX,3,250,0.000000
15.846392,RX,2,244,0.000000
15.856862,RX,1,243,0.000000
15.858699,RX,8,250,0.000000
15.864762,RX,7,244,0.000000
15.868916,RX,6,243,0.000000
15.869084,RX,0,241,0.000000
15.877615,RX,5,241,0.000000
15.900392,RX,2,250,0.000000
15.910862,RX,1,244,0.000000
15.918762,RX,7,250,0.000000
15.922916,RX,6,244,0.000000
15.923084,RX,0,243,0.000000
15.931615,RX,5,243,0.000000
15.960992,TX,1,235,0.395000
15.964862,RX,1,250,0.000000
15.976916,RX,6,250,0.000000
15.977084,RX,0,244,0.000000
15.982499,TX,2,271,0.000000
15.985615,RX,5,244,0.000000
16.014992,TX,1,251,0.000000
16.031084,RX,0,250,0.000000
16.039615,RX,5,250,0.000000
16.058972,COLLISION,7,,
16.082979,COLLISION,6,,
16.110659,COLLISION,8,,
16.112972,COLLISION,7,,
16.116979,RX,0,235,0.000000
16.116979,RX,2,235,0.000000
16.116979,RX,6,235,0.395000
16.118473,COLLISION,0,,
16.132166,COLLISION,5,,
16.138486,RX,1,271,0.000000
16.138486,RX,3,271,0.000000
16.143273,RX,5,235,0.395000
16.161436,COLLISION,4,,
16.164659,COLLISION,8,,
16.170979,RX,2,251,0.000000
16.171811,COLLISION,9,,
16.184966,RX,3,235,0.000000
16.238966,RX,3,251,0.000000
16.303436,RX,4,251,0.000000
16.313811,RX,9,251,0.000000
16.319250,TX,1,275,0.000000
16.320957,TX,6,261,0.000000
16.374957,TX,6,265,0.000000
16.413531,COLLISION,5,,
16.415238,COLLISION,2,,
16.417230,COLLISION,7,,
16.418937,COLLISION,0,,
16.428957,TX,6,267,0.000000
16.442944,COLLISION,5,,
16.442944,COLLISION,7,,
16.468917,COLLISION,8,,
16.469238,COLLISION,2,,
16.470623,COLLISION,3,,
16.472937,COLLISION,0,,
16.475237,RX,6,275,0.000000
16.476944,RX,1,261,0.000000
16.482957,TX,6,269,0.000000
16.510931,COLLISION,8,,
16.524623,COLLISION,3,,
16.530069,COLLISION,9,,
16.530944,RX,1,265,0.000000
16.533455,COLLISION,4,,
16.536957,TX,6,270,0.000000
16.544774,TX,7,260,0.395000
16.575401,COLLISION,9,,
16.584944,RX,1,267,0.000000
16.584944,RX,5,267,0.000000
16.584944,RX,7,267,0.000000
16.587455,COLLISION,4,,
16.598774,TX,7,274,0.395000
16.611238,RX,2,267,0.000000
16.612761,COLLISION,2,,
16.614937,RX,0,267,0.000000
16.622520,COLLISION,8,,
16.631238,COLLISION,2,,
16.638944,RX,1,269,0.000000
16.638944,RX,5,269,0.000000
16.638944,RX,7,269,0.000000
16.639055,COLLISION,3,,
16.642754,COLLISION,1,,
16.652774,TX,7,277,0.395000
16.652931,RX,8,267,0.395000
16.666623,RX,3,267,0.395000
16.668937,RX,0,269,0.000000
16.672931,COLLISION,8,,
16.676520,COLLISION,8,,
16.683401,COLLISION,9,,
16.686623,COLLISION,3,,
16.692944,RX,5,270,0.000000
16.692944,RX,7,270,0.000000
16.693055,COLLISION,3,,
16.699119,COLLISION,4,,
16.700761,RX,6,260,0.000000
16.717401,RX,9,267,0.395000
16.722937,RX,0,270,0.000000
16.729455,RX,4,267,0.395000
16.734748,COLLISION,9,,
16.737401,COLLISION,9,,
16.749455,COLLISION,4,,
16.753119,COLLISION,4,,
16.754761,RX,2,274,0.000000
16.754761,RX,6,274,0.000000
16.768748,RX,5,260,0.000000
16.784754,RX,1,274,0.000000
16.787119,RX,0,260,0.000000
16.803229,TX,0,284,0.395000
16.808761,RX,2,277,0.000000
16.808761,RX,6,277,0.000000
16.818520,RX,8,277,0.000000
16.822748,RX,5,274,0.000000
16.835055,RX,3,277,0.000000
16.838754,RX,1,277,0.000000
16.841119,RX,0,274,0.000000
16.876748,RX,5,277,0.000000
16.876748,RX,9,277,0.000000
16.895119,RX,0,277,0.000000
16.895119,RX,4,277,0.000000
16.929449,TX,9,252,0.000000
16.959216,RX,1,284,0.000000
16.959216,RX,5,284,0.000000
16.983449,TX,9,253,0.000000
16.989209,RX,6,284,0.000000
17.003376,TX,0,289,0.000000
17.014048,COLLISION,8,,
17.027203,RX,2,284,0.000000
17.027429,COLLISION,3,,
17.037449,TX,9,262,0.000000
17.045574,RX,7,284,0.000000
17.051436,COLLISION,8,,
17.069896,COLLISION,4,,
17.081429,COLLISION,3,,
17.085436,RX,4,252,0.395000
17.091449,TX,9,263,0.000000
17.105436,COLLISION,4,,
17.129893,COLLISION,6,,
17.139350,COLLISION,2,,
17.145449,TX,9,264,0.395000
17.153423,RX,7,252,0.000000
17.157721,COLLISION,7,,
17.159363,RX,1,289,0.000000
17.159363,RX,5,289,0.000000
17.166426,RX,9,284,0.000000
17.167116,RX,2,252,0.395000
17.173423,COLLISION,7,,
17.181670,TX,3,246,0.395000
17.183893,COLLISION,6,,
17.187116,COLLISION,2,,
17.193436,RX,8,262,0.000000
17.199449,TX,9,278,0.000000
17.207337,COLLISION,3,,
17.214195,COLLISION,8,,
17.223429,RX,3,262,0.395000
17.228268,RX,1,252,0.000000
17.243429,COLLISION,3,,
17.247436,RX,4,263,0.000000
17.247436,RX,8,263,0.395000
17.249657,COLLISION,2,,
17.253449,TX,9,293,0.000000
17.259416,COLLISION,8,,
17.267436,COLLISION,4,,
17.267436,COLLISION,8,,
17.270043,COLLISION,4,,
17.279650,COLLISION,9,,
17.281423,COLLISION,7,,
17.282268,RX,1,253,0.000000
17.284116,RX,5,252,0.000000
17.292646,RX,0,252,0.000000
17.295116,COLLISION,2,,
17.301436,RX,4,264,0.790000
17.307449,TX,9,294,0.395000
17.315423,RX,7,263,0.395000
17.317644,COLLISION,1,,
17.321436,COLLISION,4,,
17.325893,RX,6,262,0.000000
17.331336,COLLISION,6,,
17.335423,COLLISION,7,,
17.336268,RX,1,262,0.395000
17.338116,RX,5,253,0.000000
17.345893,COLLISION,6,,
17.346646,RX,0,253,0.000000
17.347153,TX,2,295,0.000000
17.356268,COLLISION,1,,
17.385429,RX,3,278,0.000000
17.385631,COLLISION,0,,
17.392116,RX,5,262,0.000000
17.394168,COLLISION,5,,
17.400646,RX,0,262,0.395000
17.401153,TX,2,296,0.395000
17.409436,RX,8,293,0.000000
17.412116,COLLISION,5,,
17.415140,COLLISION,1,,
17.415140,COLLISION,3,,
17.415140,COLLISION,7,,
17.420646,COLLISION,0,,
17.437116,RX,2,278,0.000000
17.439429,RX,3,293,0.395000
17.441434,COLLISION,6,,
17.443423,COLLISION,7,,
17.453893,COLLISION,6,,
17.455153,TX,2,297,0.395000
17.463436,RX,4,294,0.000000
17.463436,RX,8,294,0.000000
17.464268,COLLISION,1,,
17.469140,COLLISION,1,,
17.469140,COLLISION,3,,
17.469140,COLLISION,7,,
17.483127,COLLISION,0,,
17.491116,RX,2,293,0.000000
17.496819,COLLISION,5,,
17.507893,COLLISION,6,,
17.509153,TX,2,298,0.395000
17.520116,COLLISION,5,,
17.523140,COLLISION,1,,
17.528646,COLLISION,0,,
17.533132,RX,8,295,0.000000
17.537127,COLLISION,0,,
17.545116,RX,2,294,0.000000
17.549434,COLLISION,6,,
17.550819,COLLISION,5,,
17.563153,TX,2,299,0.000000
17.571127,RX,4,295,0.000000
17.577140,COLLISION,1,,
17.584819,RX,9,295,0.000000
17.587132,RX,8,296,0.000000
17.591127,COLLISION,0,,
17.604819,COLLISION,5,,
17.611140,RX,3,297,0.000000
17.611140,RX,7,297,0.000000
17.617153,TX,2,300,0.000000
17.625127,RX,4,296,0.000000
17.638819,RX,9,296,0.000000
17.641132,RX,8,297,0.000000
17.645127,COLLISION,0,,
17.658819,COLLISION,5,,
17.665140,RX,3,298,0.000000
17.665140,RX,7,298,0.000000
17.671153,TX,2,301,0.000000
17.679127,RX,4,297,0.000000
17.691434,RX,6,298,0.000000
17.692819,RX,9,297,0.000000
17.695132,RX,8,298,0.000000
17.719140,RX,1,299,0.000000
17.719140,RX,3,299,0.000000
17.719140,RX,7,299,0.000000
17.725153,TX,2,302,0.000000
17.733127,RX,4,298,0.000000
17.745434,RX,6,299,0.000000
17.746819,RX,9,298,0.000000
17.749132,RX,8,299,0.000000
17.773140,RX,1,300,0.000000
17.773140,RX,3,300,0.000000
17.773140,RX,7,300,0.000000
17.787127,RX,0,299,0.000000
17.787127,RX,4,299,0.000000
17.799434,RX,6,300,0.000000
17.800819,RX,5,299,0.000000
17.800819,RX,9,299,0.000000
17.803132,RX,8,300,0.000000
17.827140,RX,1,301,0.000000
17.827140,RX,3,301,0.000000
17.827140,RX,7,301,0.000000
17.841127,RX,0,300,0.000000
17.841127,RX,4,300,0.000000
17.853434,RX,6,301,0.000000
17.854819,RX,5,300,0.000000
17.854819,RX,9,300,0.000000
17.857132,RX,8,301,0.000000
17.881140,RX,1,302,0.000000
17.881140,RX,3,302,0.000000
17.881140,RX,7,302,0.000000
17.895127,RX,0,301,0.000000
17.895127,RX,4,301,0.000000
17.907434,RX,6,302,0.000000
17.908819,RX,5,301,0.000000
17.908819,RX,9,301,0.000000
17.911132,RX,8,302,0.000000
17.949127,RX,0,302,0.000000
17.949127,RX,4,302,0.000000
17.962819,RX,5,302,0.000000
17.962819,RX,9,302,0.000000
17.988874,TX,4,279,0.000000
18.042874,TX,4,307,0.000000
18.057321,TX,6,281,0.000000
18.096874,TX,4,308,0.000000
18.111321,TX,6,282,0.000000
18.143218,COLLISION,7,,
18.144861,RX,9,279,0.000000
18.151602,COLLISION,2,,
18.154620,RX,3,279,0.000000
18.165321,TX,6,287,0.000000
18.171155,RX,8,279,0.000000
18.178847,COLLISION,2,,
18.179308,COLLISION,7,,
18.189318,COLLISION,1,,
18.193295,COLLISION,8,,
18.197218,COLLISION,7,,
18.198861,RX,9,307,0.000000
18.205602,COLLISION,2,,
18.206987,COLLISION,3,,
18.208620,RX,3,307,0.395000
18.213308,RX,1,281,0.395000
18.213308,RX,5,281,0.000000
18.219321,TX,6,288,0.000000
18.225155,RX,8,307,0.395000
18.233308,COLLISION,1,,
18.243300,RX,0,281,0.000000
18.243318,COLLISION,1,,
18.247295,COLLISION,8,,
18.251218,COLLISION,7,,
18.252861,RX,9,308,0.000000
18.259602,COLLISION,2,,
18.260987,COLLISION,3,,
18.263300,COLLISION,0,,
18.264071,COLLISION,5,,
18.267308,RX,5,282,0.395000
18.273321,TX,6,290,0.395000
18.287308,COLLISION,5,,
18.287308,COLLISION,7,,
18.289372,RX,6,279,0.000000
18.297300,RX,0,282,0.395000
18.297318,COLLISION,1,,
18.309540,COLLISION,0,,
18.313602,COLLISION,2,,
18.317300,COLLISION,0,,
18.318071,COLLISION,5,,
18.327321,TX,6,291,0.395000
18.341308,COLLISION,1,,
18.343372,RX,6,307,0.000000
18.345765,RX,9,281,0.000000
18.357819,RX,4,281,0.000000
18.371300,COLLISION,0,,
18.372071,COLLISION,5,,
18.381321,TX,6,305,0.395000
18.389295,RX,8,287,0.000000
18.395308,COLLISION,5,,
18.397372,RX,6,308,0.000000
18.399765,RX,9,282,0.000000
18.402987,RX,3,287,0.000000
18.411819,RX,4,282,0.000000
18.425300,COLLISION,0,,
18.429308,RX,7,290,0.000000
18.443295,RX,8,288,0.000000
18.453765,RX,9,287,0.000000
18.455602,RX,2,290,0.000000
18.456987,RX,3,288,0.000000
18.465819,RX,4,287,0.000000
18.483308,RX,1,291,0.000000
18.483308,RX,7,291,0.000000
18.497295,RX,8,290,0.000000
18.507765,RX,9,288,0.000000
18.509602,RX,2,291,0.000000
18.510987,RX,3,290,0.000000
18.519819,RX,4,288,0.000000
18.537308,RX,1,305,0.000000
18.537308,RX,5,305,0.000000
18.537308,RX,7,305,0.000000
18.551295,RX,8,291,0.000000
18.561765,RX,9,290,0.000000
18.563602,RX,2,305,0.000000
18.564987,RX,3,291,0.000000
18.567300,RX,0,305,0.000000
18.573819,RX,4,290,0.000000
18.605295,RX,8,305,0.000000
18.615765,RX,9,291,0.000000
18.618987,RX,3,305,0.000000
18.627819,RX,4,291,0.000000
18.669765,RX,9,305,0.000000
18.681819,RX,4,305,0.000000
18.783427,TX,9,323,0.000000
18.788208,TX,8,254,0.000000
18.803305,TX,6,324,0.000000
18.842208,TX,8,255,0.000000
18.857305,TX,6,325,0.000000
18.871292,COLLISION,7,,
18.881407,COLLISION,3,,
18.882489,COLLISION,4,,
18.896208,TX,8,256,0.395000
18.897586,COLLISION,2,,
18.919401,COLLISION,7,,
18.919954,COLLISION,3,,
18.919954,COLLISION,7,,
18.925292,COLLISION,7,,
18.933094,COLLISION,2,,
18.936489,COLLISION,4,,
18.937875,COLLISION,1,,
18.939414,RX,8,323,0.000000
18.940188,COLLISION,2,,
18.944195,RX,9,254,0.000000
18.950208,TX,8,257,0.000000
18.951586,COLLISION,2,,
18.952971,COLLISION,3,,
18.959292,RX,1,324,0.395000
18.959292,RX,5,324,0.000000
18.983871,COLLISION,6,,
18.989284,RX,0,324,0.000000
18.991875,COLLISION,1,,
18.994246,COLLISION,1,,
18.998195,RX,9,255,0.000000
18.999027,COLLISION,0,,
19.003749,COLLISION,9,,
19.004208,TX,8,258,0.395000
19.006971,COLLISION,3,,
19.012182,RX,6,254,0.395000
19.013292,RX,5,325,0.000000
19.015803,COLLISION,4,,
19.018195,COLLISION,9,,
19.027279,RX,8,324,0.000000
19.027954,COLLISION,3,,
19.032182,COLLISION,6,,
19.038976,TX,5,224,0.395000
19.044489,COLLISION,4,,
19.050094,COLLISION,5,,
19.058208,TX,8,259,0.395000
19.058624,COLLISION,0,,
19.061954,RX,7,256,0.000000
19.069803,COLLISION,4,,
19.072195,COLLISION,9,,
19.076652,RX,5,254,0.395000
19.081279,RX,8,325,0.000000
19.082188,RX,2,256,0.000000
19.092816,TX,2,313,0.395000
19.096652,COLLISION,5,,
19.106963,COLLISION,0,,
19.106963,COLLISION,6,,
19.107027,COLLISION,0,,
19.112208,TX,8,273,0.000000
19.115954,RX,7,257,0.000000
19.126195,COLLISION,9,,
19.133257,COLLISION,1,,
19.133875,RX,1,256,0.395000
19.136188,RX,2,257,0.000000
19.140182,COLLISION,6,,
19.146816,TX,2,318,0.395000
19.153875,COLLISION,1,,
19.160803,COLLISION,1,,
19.160803,COLLISION,3,,
19.160803,COLLISION,7,,
19.166208,TX,8,285,0.000000
19.169954,RX,3,258,0.395000
19.169954,RX,7,258,0.395000
19.174950,COLLISION,7,,
19.186489,RX,4,258,0.000000
19.188642,COLLISION,2,,
19.189954,COLLISION,3,,
19.189954,COLLISION,7,,
19.190188,RX,2,258,0.395000
19.194182,COLLISION,6,,
19.210188,COLLISION,2,,
19.214803,COLLISION,1,,
19.214803,COLLISION,3,,
19.214803,COLLISION,7,,
19.220208,TX,8,316,0.000000
19.228790,COLLISION,0,,
19.228790,COLLISION,4,,
19.238652,RX,5,257,0.000000
19.240489,RX,4,259,0.395000
19.241097,COLLISION,6,,
19.242482,COLLISION,5,,
19.242482,COLLISION,9,,
19.244796,COLLISION,8,,
19.248182,COLLISION,6,,
19.249027,RX,0,257,0.395000
19.251474,COLLISION,3,,
19.258652,COLLISION,5,,
19.260489,COLLISION,4,,
19.261875,COLLISION,1,,
19.268195,RX,9,273,0.395000
19.269027,COLLISION,0,,
19.274208,TX,8,327,0.790000
19.278796,RX,8,313,0.395000
19.282790,COLLISION,0,,
19.282790,COLLISION,4,,
19.288195,COLLISION,9,,
19.296482,COLLISION,9,,
19.297954,COLLISION,3,,
19.305642,COLLISION,9,,
19.312652,COLLISION,5,,
19.314489,COLLISION,4,,
19.331954,RX,7,285,0.000000
19.352188,RX,2,285,0.000000
19.366652,COLLISION,5,,
19.368489,COLLISION,4,,
19.385954,RX,7,316,0.000000
19.390182,RX,6,285,0.000000
19.403875,RX,1,285,0.000000
19.406188,RX,2,316,0.000000
19.411027,RX,0,273,0.000000
19.430195,RX,9,327,0.000000
19.439954,RX,3,327,0.000000
19.439954,RX,7,327,0.000000
19.444182,RX,6,316,0.000000
19.457875,RX,1,316,0.000000
19.460188,RX,2,327,0.000000
19.465027,RX,0,285,0.000000
19.468066,TX,7,314,0.000000
19.498182,RX,6,327,0.000000
19.503360,TX,2,328,0.000000
19.508652,RX,5,316,0.000000
19.511875,RX,1,327,0.000000
19.519027,RX,0,316,0.000000
19.562652,RX,5,327,0.000000
19.571347,COLLISION,1,,
19.571347,COLLISION,3,,
19.573027,RX,0,327,0.000000
19.574538,TX,2,336,0.000000
19.624053,RX,2,314,0.000000
19.624053,RX,6,314,0.000000
19.633812,RX,8,314,0.000000
19.639334,COLLISION,0,,
19.639334,COLLISION,4,,
19.642525,COLLISION,1,,
19.642525,COLLISION,3,,
19.659347,RX,7,328,0.000000
19.685641,RX,6,328,0.000000
19.689340,RX,8,328,0.000000
19.692040,RX,5,314,0.000000
19.692040,RX,9,314,0.000000
19.713810,TX,9,338,0.395000
19.730525,RX,7,336,0.000000
19.741026,RX,5,328,0.000000
19.741026,RX,9,328,0.000000
19.755031,TX,1,280,0.000000
19.756819,RX,6,336,0.000000
19.758432,TX,3,266,0.000000
19.760517,RX,8,336,0.000000
19.767810,TX,9,339,0.000000
19.798512,RX,0,336,0.000000
19.798512,RX,4,336,0.000000
19.809031,TX,1,309,0.000000
19.812204,RX,5,336,0.000000
19.812204,RX,9,336,0.000000
19.826419,COLLISION,2,,
19.836178,COLLISION,4,,
19.836178,COLLISION,8,,
19.852713,COLLISION,7,,
19.853011,COLLISION,7,,
19.863031,TX,1,310,0.000000
19.863476,COLLISION,2,,
19.869797,RX,4,338,0.395000
19.869797,RX,8,338,0.395000
19.877018,COLLISION,2,,
19.891005,COLLISION,3,,
19.899789,RX,3,338,0.395000
19.903784,COLLISION,7,,
19.904698,COLLISION,8,,
19.907011,COLLISION,7,,
19.908098,COLLISION,6,,
19.911018,RX,0,280,0.000000
19.911018,RX,6,280,0.395000
19.914254,COLLISION,6,,
19.917031,TX,1,311,0.000000
19.931018,COLLISION,2,,
19.931018,COLLISION,6,,
19.937312,RX,5,280,0.000000
19.944411,RX,9,266,0.000000
19.945005,COLLISION,3,,
19.962393,COLLISION,0,,
19.965018,RX,0,309,0.395000
19.970930,COLLISION,5,,
19.971031,TX,1,330,0.790000
19.980476,COLLISION,5,,
19.982406,RX,1,266,0.395000
19.985018,COLLISION,0,,
19.985018,COLLISION,2,,
19.985018,COLLISION,6,,
19.989007,COLLISION,0,,
19.991312,RX,5,309,0.790000
20.011312,COLLISION,5,,
20.012628,RX,1,338,0.000000
20.025031,TX,1,331,0.395000
20.034476,COLLISION,5,,
20.039018,COLLISION,6,,
20.043007,COLLISION,0,,
20.043475,RX,4,280,0.000000
20.046698,RX,8,309,0.000000
20.049011,RX,7,310,0.000000
20.053850,RX,9,280,0.000000
20.066628,RX,1,339,0.000000
20.079031,TX,1,332,0.000000
20.087005,RX,3,310,0.000000
20.093018,COLLISION,0,,
20.097475,RX,4,309,0.000000
20.100698,RX,8,310,0.000000
20.103011,RX,7,311,0.000000
20.107850,RX,9,309,0.000000
20.127018,RX,2,330,0.000000
20.141005,RX,3,311,0.000000
20.151475,RX,4,310,0.000000
20.153312,RX,5,330,0.000000
20.154698,RX,8,311,0.000000
20.157011,RX,7,330,0.000000
20.161850,RX,9,310,0.000000
20.181018,RX,2,331,0.000000
20.181018,RX,6,331,0.000000
20.195005,RX,3,330,0.000000
20.205475,RX,4,311,0.000000
20.207312,RX,5,331,0.000000
20.208698,RX,8,330,0.000000
20.211011,RX,7,331,0.000000
20.215850,RX,9,311,0.000000
20.231175,TX,5,233,0.395000
20.235018,RX,0,332,0.000000
20.235018,RX,2,332,0.000000
20.235018,RX,6,332,0.000000
20.249005,RX,3,331,0.000000
20.259475,RX,4,330,0.000000
20.261312,RX,5,332,0.000000
20.262698,RX,8,331,0.000000
20.265011,RX,7,332,0.000000
20.269170,TX,3,268,0.395000
20.269850,RX,9,330,0.000000
20.285175,TX,5,236,0.000000
20.303005,RX,3,332,0.000000
20.313475,RX,4,331,0.000000
20.316698,RX,8,332,0.000000
20.323170,TX,3,272,0.000000
20.323850,RX,9,331,0.000000
20.339175,TX,5,237,0.000000
20.367148,COLLISION,7,,
20.367475,RX,4,332,0.000000
20.377170,TX,3,276,0.000000
20.377850,RX,9,332,0.000000
20.380841,COLLISION,2,,
20.387161,RX,0,233,0.000000
20.387161,RX,6,233,0.000000
20.391157,COLLISION,2,,
20.393175,TX,5,238,0.000000
20.405144,COLLISION,1,,
20.413455,RX,1,233,0.395000
20.417451,COLLISION,7,,
20.418836,COLLISION,6,,
20.421148,COLLISION,7,,
20.431170,TX,3,286,0.000000
20.431618,COLLISION,8,,
20.433455,COLLISION,1,,
20.434916,RX,4,268,0.000000
20.434916,RX,8,268,0.395000
20.441161,RX,0,236,0.000000
20.441161,RX,6,236,0.395000
20.445157,COLLISION,2,,
20.447175,TX,5,239,0.000000
20.454916,COLLISION,8,,
20.455150,RX,9,268,0.000000
20.459144,COLLISION,1,,
20.461161,COLLISION,6,,
20.472836,COLLISION,6,,
20.473131,COLLISION,0,,
20.475148,COLLISION,7,,
20.485170,TX,3,306,0.000000
20.485618,COLLISION,8,,
20.488841,COLLISION,2,,
20.488916,RX,4,272,0.000000
20.495161,RX,0,237,0.395000
20.497841,COLLISION,9,,
20.499157,COLLISION,2,,
20.501175,TX,5,247,0.000000
20.508916,COLLISION,4,,
20.509150,RX,9,272,0.395000
20.513144,COLLISION,1,,
20.515161,COLLISION,0,,
20.525451,COLLISION,7,,
20.526836,COLLISION,6,,
20.527131,COLLISION,0,,
20.529148,COLLISION,7,,
20.529150,COLLISION,9,,
20.531673,RX,3,233,0.000000
20.539170,TX,3,312,0.000000
20.539618,COLLISION,8,,
20.541455,COLLISION,1,,
20.542916,RX,4,276,0.395000
20.551841,COLLISION,9,,
20.553157,COLLISION,2,,
20.555175,TX,5,248,0.395000
20.560371,COLLISION,4,,
20.562916,COLLISION,4,,
20.562916,COLLISION,8,,
20.567144,COLLISION,1,,
20.569161,COLLISION,6,,
20.569668,RX,5,268,0.000000
20.580836,COLLISION,6,,
20.581131,COLLISION,0,,
20.583148,COLLISION,7,,
20.585673,RX,3,236,0.000000
20.593618,COLLISION,8,,
20.596841,COLLISION,2,,
20.605841,COLLISION,9,,
20.607157,COLLISION,2,,
20.609175,TX,5,249,0.395000
20.616916,COLLISION,4,,
20.621144,COLLISION,1,,
20.623161,COLLISION,0,,
20.623668,RX,5,272,0.000000
20.633451,COLLISION,7,,
20.634836,COLLISION,6,,
20.635131,COLLISION,0,,
20.637148,COLLISION,7,,
20.637150,COLLISION,9,,
20.639673,RX,3,237,0.000000
20.647618,COLLISION,8,,
20.649455,COLLISION,1,,
20.659841,COLLISION,9,,
20.663175,TX,5,283,0.395000
20.668371,COLLISION,4,,
20.675144,COLLISION,1,,
20.677161,COLLISION,6,,
20.677668,RX,5,276,0.000000
20.688836,COLLISION,6,,
20.689131,COLLISION,0,,
20.693673,RX,3,238,0.000000
20.701618,COLLISION,8,,
20.717175,TX,5,292,0.395000
20.731161,COLLISION,0,,
20.731668,RX,5,286,0.000000
20.737470,TX,7,359,0.395000
20.738841,RX,2,247,0.000000
20.743131,COLLISION,0,,
20.747673,RX,3,239,0.000000
20.771175,TX,5,303,0.395000
20.779148,RX,7,248,0.000000
20.785668,RX,5,306,0.000000
20.791455,RX,1,249,0.000000
20.792841,RX,2,248,0.000000
20.801673,RX,3,247,0.000000
20.801841,RX,9,239,0.000000
20.805457,COLLISION,6,,
20.810371,RX,4,239,0.000000
20.812841,COLLISION,2,,
20.815216,COLLISION,8,,
20.819161,RX,6,283,0.395000
20.825175,TX,5,304,0.395000
20.831751,COLLISION,3,,
20.833148,RX,7,249,0.000000
20.835450,COLLISION,1,,
20.839161,COLLISION,6,,
20.839668,RX,5,312,0.000000
20.843618,RX,8,248,0.395000
20.845455,RX,1,283,0.395000
20.846841,RX,2,249,0.395000
20.855673,RX,3,248,0.395000
20.855841,RX,9,247,0.000000
20.863618,COLLISION,8,,
20.864371,RX,4,247,0.000000
20.865455,COLLISION,1,,
20.866841,COLLISION,2,,
20.873161,RX,0,292,0.000000
20.875673,COLLISION,3,,
20.875841,COLLISION,9,,
20.887148,RX,7,283,0.000000
20.891815,COLLISION,4,,
20.893161,COLLISION,0,,
20.909841,RX,9,248,0.395000
20.918371,RX,4,248,0.395000
20.927161,RX,0,303,0.395000
20.929841,COLLISION,9,,
20.938371,COLLISION,4,,
20.941148,RX,7,292,0.000000
20.961444,RX,5,359,0.000000
20.981161,RX,6,304,0.000000
20.995148,RX,7,303,0.000000
21.005618,RX,8,292,0.000000
21.007455,RX,1,304,0.000000
21.008841,RX,2,303,0.000000
21.017673,RX,3,292,0.000000
21.049148,RX,7,304,0.000000
21.059618,RX,8,303,0.000000
21.062841,RX,2,304,0.000000
21.066207,TX,0,337,0.000000
21.071673,RX,3,303,0.000000
21.071841,RX,9,292,0.000000
21.080371,RX,4,292,0.000000
21.088197,TX,6,345,0.000000
21.113618,RX,8,304,0.000000
21.120207,TX,0,357,0.000000
21.125673,RX,3,304,0.000000
21.125841,RX,9,303,0.000000
21.134371,RX,4,303,0.000000
21.142197,TX,6,348,0.000000
21.147543,TX,4,315,0.395000
21.156184,COLLISION,1,,
21.156184,COLLISION,5,,
21.159387,TX,8,340,0.000000
21.161192,TX,2,341,0.000000
21.174207,TX,0,358,0.000000
21.179841,RX,9,304,0.000000
21.188194,COLLISION,1,,
21.188194,COLLISION,5,,
21.188371,RX,4,304,0.000000
21.196197,TX,6,350,0.000000
21.201543,TX,4,317,0.000000
21.202181,COLLISION,2,,
21.210184,COLLISION,1,,
21.210184,COLLISION,5,,
21.213387,TX,8,346,0.000000
21.215192,TX,2,342,0.395000
21.220552,COLLISION,7,,
21.227374,COLLISION,9,,
21.229179,COLLISION,3,,
21.229179,COLLISION,7,,
21.236478,COLLISION,2,,
21.237133,COLLISION,3,,
21.237133,COLLISION,7,,
21.237863,COLLISION,3,,
21.241824,COLLISION,8,,
21.242194,COLLISION,1,,
21.244184,RX,7,345,1.185000
21.250197,TX,6,351,0.395000
21.252187,RX,6,337,0.000000
21.256181,COLLISION,2,,
21.257367,COLLISION,2,,
21.264184,COLLISION,1,,
21.264184,COLLISION,5,,
21.264184,COLLISION,7,,
21.269192,TX,2,343,1.580000
21.269530,COLLISION,9,,
21.270168,COLLISION,3,,
21.274177,RX,0,345,0.000000
21.274552,COLLISION,7,,
21.278171,COLLISION,8,,
21.279289,COLLISION,3,,
21.281374,COLLISION,9,,
21.283179,COLLISION,1,,
21.283179,COLLISION,3,,
21.283179,COLLISION,7,,
21.288641,COLLISION,9,,
21.290478,COLLISION,2,,
21.291133,COLLISION,3,,
21.291133,COLLISION,7,,
21.291863,COLLISION,3,,
21.295824,COLLISION,8,,
21.297165,COLLISION,0,,
21.297165,COLLISION,4,,
21.300695,COLLISION,4,,
21.304197,TX,6,352,0.790000
21.306187,RX,6,357,0.395000
21.307668,COLLISION,4,,
21.309054,COLLISION,1,,
21.310181,COLLISION,2,,
21.310858,COLLISION,5,,
21.311367,COLLISION,2,,
21.312171,RX,8,345,1.185000
21.313171,COLLISION,8,,
21.318184,COLLISION,5,,
21.318184,COLLISION,7,,
21.323192,TX,2,344,1.185000
21.328177,RX,0,348,0.395000
21.328552,COLLISION,7,,
21.331026,COLLISION,8,,
21.332171,COLLISION,8,,
21.332874,COLLISION,4,,
21.337179,COLLISION,1,,
21.337179,COLLISION,3,,
21.337179,COLLISION,7,,
21.337517,COLLISION,2,,
21.341404,COLLISION,9,,
21.342641,COLLISION,9,,
21.343472,RX,6,341,0.790000
21.344478,COLLISION,2,,
21.345863,COLLISION,3,,
21.347987,COLLISION,1,,
21.348177,COLLISION,0,,
21.351165,COLLISION,0,,
21.354695,COLLISION,4,,
21.355888,COLLISION,7,,
21.358197,TX,6,353,1.185000
21.360187,RX,6,358,0.790000
21.363054,COLLISION,1,,
21.363472,COLLISION,6,,
21.364858,COLLISION,5,,
21.364858,COLLISION,9,,
21.370206,COLLISION,0,,
21.372184,COLLISION,1,,
21.372184,COLLISION,5,,
21.372184,COLLISION,7,,
21.377192,TX,2,354,0.790000
21.378168,COLLISION,3,,
21.383361,RX,6,340,0.790000
21.385026,COLLISION,8,,
21.386171,COLLISION,8,,
21.386874,COLLISION,4,,
21.391179,COLLISION,1,,
21.391179,COLLISION,3,,
21.395404,COLLISION,9,,
21.396641,COLLISION,9,,
21.397472,RX,6,342,0.790000
21.399863,COLLISION,3,,
21.401987,COLLISION,1,,
21.405165,COLLISION,0,,
21.405165,COLLISION,4,,
21.408695,COLLISION,4,,
21.413831,COLLISION,5,,
21.414041,COLLISION,6,,
21.414210,COLLISION,0,,
21.417472,COLLISION,6,,
21.418858,COLLISION,5,,
21.421171,COLLISION,8,,
21.422740,COLLISION,5,,
21.424206,COLLISION,0,,
21.426184,COLLISION,5,,
21.426184,COLLISION,7,,
21.431192,TX,2,355,0.000000
21.440171,COLLISION,8,,
21.445179,COLLISION,1,,
21.445179,COLLISION,7,,
21.449404,COLLISION,9,,
21.450641,COLLISION,9,,
21.453863,COLLISION,3,,
21.456177,COLLISION,0,,
21.459165,COLLISION,0,,
21.459165,COLLISION,4,,
21.462695,COLLISION,4,,
21.468210,COLLISION,0,,
21.472858,COLLISION,9,,
21.476740,COLLISION,5,,
21.485192,TX,2,356,0.395000
21.486478,RX,2,352,0.000000
21.494171,COLLISION,8,,
21.499179,COLLISION,1,,
21.499179,COLLISION,3,,
21.504641,COLLISION,9,,
21.507863,COLLISION,3,,
21.513165,COLLISION,4,,
21.516695,COLLISION,4,,
21.526858,COLLISION,5,,
21.529171,COLLISION,8,,
21.539192,TX,2,371,0.395000
21.540478,RX,2,353,0.000000
21.558641,COLLISION,9,,
21.559472,RX,6,354,0.000000
21.570695,COLLISION,4,,
21.580858,COLLISION,9,,
21.587179,RX,7,355,0.000000
21.593192,TX,2,373,0.000000
21.600200,TX,3,368,0.395000
21.601165,RX,0,354,0.000000
21.613472,RX,6,355,0.000000
21.617336,TX,0,378,0.395000
21.621165,COLLISION,4,,
21.641179,RX,1,356,0.000000
21.641179,RX,3,356,0.000000
21.641179,RX,7,356,0.000000
21.647192,TX,2,374,0.000000
21.654200,TX,3,369,0.395000
21.655165,RX,0,355,0.000000
21.667472,RX,6,356,0.000000
21.668858,RX,5,355,0.000000
21.671171,RX,8,356,0.000000
21.677946,COLLISION,4,,
21.677946,COLLISION,8,,
21.685323,COLLISION,1,,
21.688858,COLLISION,5,,
21.691171,COLLISION,8,,
21.694481,COLLISION,7,,
21.695179,RX,1,371,0.395000
21.695179,RX,3,371,0.000000
21.695179,RX,7,371,0.395000
21.698180,COLLISION,9,,
21.708200,TX,3,377,0.395000
21.709165,RX,0,356,0.000000
21.715179,COLLISION,1,,
21.715179,COLLISION,7,,
21.715316,COLLISION,6,,
21.721472,RX,6,371,0.395000
21.722858,RX,5,356,0.395000
21.722858,RX,9,356,0.395000
21.729165,COLLISION,4,,
21.731946,COLLISION,4,,
21.736174,COLLISION,1,,
21.741472,COLLISION,6,,
21.742858,COLLISION,5,,
21.742858,COLLISION,9,,
21.745171,COLLISION,8,,
21.748481,COLLISION,7,,
21.749179,RX,3,373,0.000000
21.749867,COLLISION,6,,
21.752180,COLLISION,9,,
21.753310,COLLISION,2,,
21.756187,RX,2,368,0.395000
21.763165,RX,0,371,0.000000
21.776187,COLLISION,2,,
21.785946,COLLISION,4,,
21.785946,COLLISION,8,,
21.802481,COLLISION,7,,
21.803179,RX,3,374,0.000000
21.804161,COLLISION,0,,
21.806180,COLLISION,9,,
21.812699,COLLISION,5,,
21.817165,RX,0,373,0.395000
21.858161,COLLISION,0,,
21.866699,COLLISION,5,,
21.878174,RX,1,369,0.000000
21.891867,RX,6,369,0.000000
21.909297,RX,3,378,0.000000
21.916154,RX,8,378,0.000000
21.932174,RX,1,377,0.000000
21.945867,RX,6,377,0.000000
21.972003,RX,4,378,0.000000
21.980533,RX,9,378,0.000000
22.000161,RX,0,377,0.000000
22.008699,RX,5,377,0.000000
22.063375,TX,1,360,0.000000
22.101835,TX,6,370,0.000000
22.117375,TX,1,372,0.000000
22.118398,TX,4,319,0.000000
22.155835,TX,6,376,0.000000
22.169822,COLLISION,5,,
22.169822,COLLISION,7,,
22.172398,TX,4,326,0.000000
22.190034,TX,8,347,0.000000
22.196116,COLLISION,2,,
22.199349,COLLISION,3,,
22.199815,COLLISION,0,,
22.209835,TX,6,381,0.395000
22.211656,COLLISION,5,,
22.213042,COLLISION,8,,
22.215355,COLLISION,7,,
22.219362,RX,0,360,0.395000
22.219362,RX,2,360,0.395000
22.219362,RX,6,360,0.000000
22.223822,COLLISION,5,,
22.223822,COLLISION,7,,
22.226398,TX,4,333,0.000000
22.250116,COLLISION,2,,
22.250144,COLLISION,3,,
22.251502,COLLISION,3,,
22.253349,COLLISION,3,,
22.253815,COLLISION,0,,
22.254372,COLLISION,2,,
22.257822,RX,1,370,0.000000
22.258021,COLLISION,9,,
22.263835,TX,6,382,0.395000
22.267042,COLLISION,8,,
22.267780,COLLISION,3,,
22.272743,COLLISION,7,,
22.273362,RX,6,372,0.000000
22.274194,COLLISION,9,,
22.274385,RX,9,319,0.790000
22.277822,COLLISION,7,,
22.280398,TX,4,361,0.000000
22.291809,COLLISION,8,,
22.294385,COLLISION,9,,
22.300679,RX,8,319,1.185000
22.302279,COLLISION,9,,
22.304116,COLLISION,2,,
22.305502,COLLISION,3,,
22.308372,COLLISION,2,,
22.311822,RX,1,376,0.000000
22.317819,COLLISION,4,,
22.317835,TX,6,383,0.000000
22.318842,COLLISION,1,,
22.320679,COLLISION,8,,
22.326743,COLLISION,7,,
22.328194,COLLISION,9,,
22.330897,COLLISION,6,,
22.331822,COLLISION,1,,
22.331822,COLLISION,7,,
22.339700,COLLISION,1,,
22.351819,RX,4,360,0.790000
22.356279,COLLISION,9,,
22.358116,COLLISION,2,,
22.358144,COLLISION,3,,
22.359502,COLLISION,3,,
22.362372,COLLISION,2,,
22.365822,RX,5,381,0.000000
22.368334,COLLISION,4,,
22.384897,COLLISION,6,,
22.385065,COLLISION,0,,
22.385822,COLLISION,1,,
22.385822,COLLISION,7,,
22.390478,COLLISION,5,,
22.393595,COLLISION,5,,
22.395815,RX,0,381,0.395000
22.400852,COLLISION,0,,
22.410279,COLLISION,9,,
22.415815,COLLISION,0,,
22.416372,COLLISION,2,,
22.419822,RX,5,382,0.790000
22.426842,COLLISION,1,,
22.433809,RX,8,381,0.395000
22.434743,COLLISION,7,,
22.439065,COLLISION,0,,
22.447595,COLLISION,5,,
22.462679,RX,8,361,0.395000
22.487809,RX,8,382,0.000000
22.501502,RX,3,382,0.000000
22.510334,RX,4,381,0.000000
22.526897,RX,6,333,0.000000
22.541809,RX,8,383,0.000000
22.552279,RX,9,382,0.000000
22.555502,RX,3,383,0.000000
22.564334,RX,4,382,0.000000
22.568842,RX,1,361,0.000000
22.580897,RX,6,361,0.000000
22.581065,RX,0,333,0.000000
22.589595,RX,5,333,0.000000
22.606279,RX,9,383,0.000000
22.612040,TX,4,362,0.395000
22.618334,RX,4,383,0.000000
22.623594,TX,7,365,0.000000
22.635065,RX,0,361,0.000000
22.643595,RX,5,361,0.000000
22.666040,TX,4,363,0.000000
22.677594,TX,7,366,0.000000
22.706321,COLLISION,8,,
22.717875,COLLISION,3,,
22.720040,TX,4,384,0.000000
22.731594,TX,7,367,0.000000
22.743786,COLLISION,3,,
22.748014,COLLISION,2,,
22.755340,COLLISION,8,,
22.759568,COLLISION,9,,
22.760321,COLLISION,8,,
22.768027,RX,9,362,0.395000
22.771875,COLLISION,3,,
22.779581,RX,2,365,0.395000
22.779581,RX,6,365,0.000000
22.788027,COLLISION,9,,
22.799581,COLLISION,2,,
22.802014,COLLISION,2,,
22.809574,RX,1,365,0.000000
22.812484,COLLISION,1,,
22.813568,COLLISION,9,,
22.814321,COLLISION,8,,
22.824539,COLLISION,6,,
22.825875,COLLISION,3,,
22.829574,COLLISION,1,,
22.833581,RX,6,366,0.395000
22.847568,RX,5,365,0.000000
22.848776,TX,2,390,0.000000
22.854385,RX,7,362,0.000000
22.865938,RX,0,365,0.000000
22.865938,RX,4,365,0.000000
22.878539,COLLISION,6,,
22.885938,COLLISION,0,,
22.887237,COLLISION,5,,
22.901568,RX,5,366,0.395000
22.908385,RX,7,363,0.000000
22.916763,COLLISION,7,,
22.919938,RX,0,366,0.395000
22.919938,RX,4,366,0.000000
22.920484,COLLISION,1,,
22.932707,COLLISION,0,,
22.941237,COLLISION,5,,
22.943057,COLLISION,6,,
22.944014,RX,2,384,0.000000
22.954484,RX,1,363,0.395000
22.955568,RX,9,367,0.000000
22.973938,RX,4,367,0.000000
22.986707,COLLISION,0,,
22.998442,COLLISION,5,,
23.004763,RX,3,390,0.000000
23.016544,TX,3,386,0.000000
23.034755,RX,8,390,0.000000
23.070544,TX,3,387,0.000000
23.072750,RX,4,390,0.000000
23.086442,RX,9,390,0.000000
23.124544,TX,3,389,0.000000
23.126983,TX,6,396,0.000000
23.140911,TX,8,364,0.395000
23.172531,RX,2,386,0.000000
23.178544,TX,3,398,0.000000
23.182290,RX,4,386,0.000000
23.182290,RX,8,386,0.000000
23.193511,TX,0,385,0.000000
23.194911,TX,8,375,0.395000
23.194970,COLLISION,1,,
23.194970,COLLISION,7,,
23.198825,RX,7,386,0.395000
23.202523,RX,9,386,0.000000
23.206517,COLLISION,1,,
23.208898,COLLISION,9,,
23.218657,COLLISION,7,,
23.218825,COLLISION,7,,
23.221264,COLLISION,2,,
23.222523,COLLISION,9,,
23.224963,COLLISION,0,,
23.226531,RX,2,387,0.395000
23.229042,COLLISION,5,,
23.232544,TX,3,400,0.000000
23.235192,COLLISION,4,,
23.236290,RX,4,387,0.395000
23.236290,RX,8,387,0.000000
23.238891,COLLISION,2,,
23.246531,COLLISION,2,,
23.254210,RX,6,386,0.000000
23.254449,TX,0,402,0.395000
23.256290,COLLISION,4,,
23.261498,COLLISION,1,,
23.261498,COLLISION,5,,
23.262957,COLLISION,8,,
23.272825,COLLISION,7,,
23.274504,COLLISION,0,,
23.276523,COLLISION,9,,
23.276885,COLLISION,6,,
23.289192,COLLISION,4,,
23.290290,RX,8,389,0.395000
23.290577,COLLISION,1,,
23.291490,COLLISION,6,,
23.300531,COLLISION,2,,
23.306657,RX,3,364,0.000000
23.308210,RX,6,387,0.790000
23.310290,COLLISION,8,,
23.314517,COLLISION,1,,
23.322436,COLLISION,1,,
23.322436,COLLISION,5,,
23.326825,COLLISION,7,,
23.327427,COLLISION,9,,
23.328210,COLLISION,6,,
23.329485,COLLISION,2,,
23.330523,COLLISION,9,,
23.330885,COLLISION,6,,
23.337042,COLLISION,5,,
23.339481,COLLISION,4,,
23.341355,COLLISION,5,,
23.344577,COLLISION,1,,
23.347855,COLLISION,7,,
23.351729,COLLISION,0,,
23.352429,COLLISION,6,,
23.360657,RX,3,375,0.395000
23.364649,RX,3,396,0.000000
23.382504,COLLISION,0,,
23.395355,COLLISION,5,,
23.405729,COLLISION,0,,
23.445042,COLLISION,5,,
23.456517,RX,1,400,0.000000
23.470210,RX,6,400,0.000000
23.478423,RX,2,402,0.000000
23.485472,RX,3,385,0.000000
23.492329,RX,8,385,0.000000
23.496794,RX,7,402,0.000000
23.521845,TX,0,404,0.395000
23.524504,RX,0,400,0.000000
23.537480,TX,6,403,0.000000
23.546410,RX,3,402,0.000000
23.548177,RX,4,385,0.000000
23.553268,RX,8,402,0.000000
23.556708,RX,9,385,0.000000
23.605467,COLLISION,1,,
23.605467,COLLISION,5,,
23.609116,RX,4,402,0.000000
23.617646,RX,9,402,0.000000
23.657819,COLLISION,2,,
23.693467,RX,7,403,0.000000
23.707824,RX,6,404,0.000000
23.723460,RX,0,403,0.000000
23.725806,COLLISION,3,,
23.761454,RX,8,403,0.000000
23.764189,RX,7,404,0.000000
23.788511,COLLISION,4,,
23.820663,RX,8,404,0.000000
23.825924,RX,9,403,0.000000
23.885042,RX,9,404,0.000000
23.958106,TX,9,379,0.000000
24.012106,TX,9,388,0.000000
24.077745,TX,8,411,0.395000
24.099061,TX,0,413,0.000000
24.114093,RX,4,379,0.000000
24.114093,RX,8,379,0.000000
24.131745,TX,8,412,0.395000
24.144085,RX,3,379,0.000000
24.153061,TX,0,414,0.000000
24.155491,COLLISION,7,,
24.168093,RX,4,388,0.000000
24.168093,RX,8,388,0.000000
24.168924,COLLISION,1,,
24.175724,COLLISION,2,,
24.182079,RX,7,379,0.395000
24.195772,RX,2,379,0.395000
24.197040,COLLISION,6,,
24.198085,RX,3,388,0.000000
24.209491,COLLISION,7,,
24.212550,COLLISION,6,,
24.213718,COLLISION,6,,
24.221048,COLLISION,1,,
24.222924,COLLISION,1,,
24.224772,COLLISION,5,,
24.227411,COLLISION,1,,
24.229724,COLLISION,2,,
24.233732,RX,9,411,0.000000
24.235035,COLLISION,2,,
24.243491,RX,3,411,0.000000
24.255048,RX,5,413,0.395000
24.260026,RX,4,411,0.000000
24.267718,COLLISION,6,,
24.278189,COLLISION,5,,
24.278772,COLLISION,5,,
24.287732,RX,9,412,0.000000
24.288563,COLLISION,0,,
24.297491,RX,3,412,0.000000
24.314026,RX,4,412,0.000000
24.321303,RX,0,379,0.395000
24.325114,TX,4,395,0.000000
24.341405,RX,7,413,0.000000
24.342563,COLLISION,0,,
24.369411,RX,1,412,0.000000
24.377035,RX,2,414,0.000000
24.379114,TX,4,406,0.000000
24.391021,RX,3,413,0.000000
24.393100,COLLISION,9,,
24.395405,RX,7,414,0.000000
24.397879,RX,8,413,0.000000
24.411927,TX,5,320,0.395000
24.420189,RX,5,412,0.000000
24.428258,COLLISION,9,,
24.433114,TX,4,408,0.395000
24.445021,RX,3,414,0.000000
24.447100,COLLISION,9,,
24.451879,RX,8,414,0.000000
24.453727,RX,4,413,0.000000
24.465927,TX,5,321,0.000000
24.487114,TX,4,410,0.395000
24.490860,RX,3,395,0.000000
24.507394,RX,8,395,0.000000
24.507727,RX,4,414,0.000000
24.519927,TX,5,322,0.000000
24.525558,COLLISION,1,,
24.537612,COLLISION,6,,
24.544860,RX,3,406,0.000000
24.547901,COLLISION,7,,
24.549087,RX,2,395,0.000000
24.560208,COLLISION,1,,
24.561394,RX,8,406,0.000000
24.567458,RX,7,395,0.395000
24.567914,RX,0,320,0.000000
24.567914,RX,6,320,0.395000
24.569087,COLLISION,2,,
24.573927,TX,5,329,0.000000
24.579558,COLLISION,1,,
24.587458,COLLISION,7,,
24.587914,COLLISION,6,,
24.589100,RX,9,408,0.000000
24.591612,COLLISION,6,,
24.591780,COLLISION,0,,
24.598860,RX,3,408,0.000000
24.601901,COLLISION,7,,
24.603087,RX,2,406,0.395000
24.612371,COLLISION,8,,
24.615394,RX,8,408,0.395000
24.615593,COLLISION,2,,
24.621914,RX,0,321,0.395000
24.623087,COLLISION,2,,
24.627927,TX,5,334,0.000000
24.633558,COLLISION,1,,
24.641914,COLLISION,0,,
24.643100,RX,9,410,0.000000
24.645612,COLLISION,6,,
24.645780,COLLISION,0,,
24.652860,RX,3,410,0.000000
24.655901,COLLISION,7,,
24.665984,TX,2,407,0.395000
24.666371,COLLISION,8,,
24.668208,COLLISION,1,,
24.681927,TX,5,335,0.395000
24.687558,COLLISION,1,,
24.688310,RX,5,395,0.000000
24.695914,COLLISION,6,,
24.699612,COLLISION,6,,
24.699780,COLLISION,0,,
24.709901,COLLISION,7,,
24.712425,RX,3,320,0.000000
24.719984,TX,2,409,0.395000
24.733971,COLLISION,1,,
24.733971,COLLISION,3,,
24.735927,TX,5,349,0.395000
24.742310,RX,5,406,0.000000
24.749914,COLLISION,0,,
24.753780,COLLISION,0,,
24.757593,RX,2,322,0.000000
24.760265,COLLISION,6,,
24.763901,COLLISION,7,,
24.763964,COLLISION,8,,
24.766425,RX,3,321,0.395000
24.766594,RX,9,320,0.000000
24.774371,COLLISION,8,,
24.775124,RX,4,320,0.000000
24.776208,COLLISION,1,,
24.786425,COLLISION,3,,
24.787971,COLLISION,1,,
24.787971,COLLISION,3,,
24.787971,COLLISION,7,,
24.789927,TX,5,405,0.395000
24.796310,RX,5,408,0.000000
24.801958,COLLISION,4,,
24.803914,COLLISION,0,,
24.803914,COLLISION,6,,
24.811593,RX,2,329,0.000000
24.814265,COLLISION,6,,
24.815650,COLLISION,9,,
24.817901,COLLISION,7,,
24.820594,RX,9,321,0.395000
24.828371,COLLISION,8,,
24.829124,RX,4,321,0.395000
24.840594,COLLISION,9,,
24.843927,TX,5,418,0.395000
24.849124,COLLISION,4,,
24.850310,RX,5,410,0.000000
24.855958,COLLISION,0,,
24.855958,COLLISION,4,,
24.857914,COLLISION,0,,
24.865593,RX,2,334,0.000000
24.869650,COLLISION,9,,
24.882371,COLLISION,8,,
24.903650,RX,5,407,0.000000
24.918208,RX,1,349,0.000000
24.919593,RX,2,335,0.000000
24.928425,RX,3,334,0.000000
24.945914,RX,6,405,0.000000
24.950832,TX,5,424,0.395000
24.957650,RX,5,409,0.000000
24.959901,RX,7,349,0.000000
24.972208,RX,1,405,0.000000
24.973593,RX,2,349,0.000000
24.982425,RX,3,335,0.000000
24.982594,RX,9,334,0.000000
24.991124,RX,4,334,0.000000
24.999914,RX,0,418,0.000000
24.999914,RX,6,418,0.000000
25.004832,TX,5,425,0.000000
25.013901,RX,7,405,0.000000
25.024371,RX,8,349,0.000000
25.026208,RX,1,418,0.000000
25.027593,RX,2,405,0.000000
25.036425,RX,3,349,0.000000
25.036594,RX,9,335,0.000000
25.045124,RX,4,335,0.000000
25.058832,TX,5,426,0.000000
25.067901,RX,7,418,0.000000
25.078371,RX,8,405,0.000000
25.081593,RX,2,418,0.000000
25.090425,RX,3,405,0.000000
25.090594,RX,9,349,0.000000
25.099124,RX,4,349,0.000000
25.106819,RX,0,424,0.000000
25.106819,RX,6,424,0.000000
25.112832,TX,5,427,0.000000
25.132371,RX,8,418,0.000000
25.133113,RX,1,424,0.000000
25.144425,RX,3,418,0.000000
25.144594,RX,9,405,0.000000
25.153124,RX,4,405,0.000000
25.160819,RX,0,425,0.000000
25.160819,RX,6,425,0.000000
25.174806,RX,7,424,0.000000
25.187113,RX,1,425,0.000000
25.188499,RX,2,424,0.000000
25.198594,RX,9,418,0.000000
25.207124,RX,4,418,0.000000
25.214819,RX,0,426,0.000000
25.214819,RX,6,426,0.000000
25.228806,RX,7,425,0.000000
25.239276,RX,8,424,0.000000
25.241113,RX,1,426,0.000000
25.242499,RX,2,425,0.000000
25.251331,RX,3,424,0.000000
25.268819,RX,0,427,0.000000
25.268819,RX,6,427,0.000000
25.282806,RX,7,426,0.000000
25.293276,RX,8,425,0.000000
25.295113,RX,1,427,0.000000
25.296499,RX,2,426,0.000000
25.305331,RX,3,425,0.000000
25.305499,RX,9,424,0.000000
25.314029,RX,4,424,0.000000
25.336806,RX,7,427,0.000000
25.347276,RX,8,426,0.000000
25.350499,RX,2,427,0.000000
25.359331,RX,3,426,0.000000
25.359499,RX,9,425,0.000000
25.368029,RX,4,425,0.000000
25.385207,TX,3,416,0.395000
25.401276,RX,8,427,0.000000
25.413331,RX,3,427,0.000000
25.413499,RX,9,426,0.000000
25.422029,RX,4,426,0.000000
25.439207,TX,3,417,0.000000
25.467499,RX,9,427,0.000000
25.476029,RX,4,427,0.000000
25.493207,TX,3,436,0.000000
25.541194,RX,2,416,0.000000
25.547207,TX,3,437,0.000000
25.550953,RX,4,416,0.000000
25.550953,RX,8,416,0.000000
25.567488,RX,7,416,0.000000
25.571187,RX,9,416,0.000000
25.595194,RX,2,417,0.000000
25.601207,TX,3,440,0.000000
25.604953,RX,4,417,0.000000
25.604953,RX,8,417,0.000000
25.609181,RX,1,416,0.000000
25.621488,RX,7,417,0.000000
25.622874,RX,6,416,0.000000
25.625187,RX,9,417,0.000000
25.649194,RX,2,436,0.000000
25.658953,RX,4,436,0.000000
25.658953,RX,8,436,0.000000
25.663181,RX,1,417,0.000000
25.675488,RX,7,436,0.000000
25.676874,RX,6,417,0.000000
25.677168,RX,0,416,0.000000
25.679187,RX,9,436,0.000000
25.685706,RX,5,416,0.000000
25.703194,RX,2,437,0.000000
25.712953,RX,4,437,0.000000
25.712953,RX,8,437,0.000000
25.717181,RX,1,436,0.000000
25.729488,RX,7,437,0.000000
25.730874,RX,6,436,0.000000
25.731168,RX,0,417,0.000000
25.733187,RX,9,437,0.000000
25.739706,RX,5,417,0.000000
25.757194,RX,2,440,0.000000
25.766953,RX,4,440,0.000000
25.766953,RX,8,440,0.000000
25.771181,RX,1,437,0.000000
25.783488,RX,7,440,0.000000
25.784874,RX,6,437,0.000000
25.785168,RX,0,436,0.000000
25.787187,RX,9,440,0.000000
25.793706,RX,5,436,0.000000
25.825181,RX,1,440,0.000000
25.838874,RX,6,440,0.000000
25.839168,RX,0,437,0.000000
25.847706,RX,5,437,0.000000
25.893168,RX,0,440,0.000000
25.901706,RX,5,440,0.000000
25.924072,TX,8,423,0.000000
25.978072,TX,8,431,0.000000
25.978425,TX,1,380,0.000000
26.032072,TX,8,432,0.000000
26.032425,TX,1,391,0.000000
26.046412,COLLISION,2,,
26.060046,COLLISION,6,,
26.076051,COLLISION,2,,
26.076405,COLLISION,7,,
26.080059,RX,9,423,0.000000
26.086425,TX,1,392,0.000000
26.089818,RX,3,423,0.000000
26.089818,RX,7,423,0.395000
26.100412,COLLISION,2,,
26.100412,COLLISION,6,,
26.106353,RX,4,423,0.000000
26.109818,COLLISION,7,,
26.114046,COLLISION,6,,
26.114399,COLLISION,3,,
26.126706,COLLISION,5,,
26.130405,COLLISION,7,,
26.134059,RX,9,431,0.000000
26.134412,RX,0,380,0.000000
26.134890,COLLISION,0,,
26.140425,TX,1,393,0.395000
26.143818,RX,3,431,0.395000
26.154412,COLLISION,0,,
26.154412,COLLISION,2,,
26.160353,RX,4,431,0.000000
26.160706,RX,5,380,0.395000
26.161738,RX,1,423,0.000000
26.168046,COLLISION,6,,
26.168399,COLLISION,3,,
26.178516,COLLISION,5,,
26.180706,COLLISION,5,,
26.188059,RX,9,432,0.000000
26.194425,TX,1,394,0.395000
26.208412,COLLISION,0,,
26.208412,COLLISION,2,,
26.208412,COLLISION,6,,
26.214353,RX,4,432,0.000000
26.215738,RX,1,431,0.000000
26.216091,RX,8,380,0.000000
26.234706,COLLISION,5,,
26.242890,COLLISION,0,,
26.248425,TX,1,415,0.395000
26.262412,COLLISION,0,,
26.266869,RX,4,380,0.000000
26.269738,RX,1,432,0.000000
26.270091,RX,8,391,0.000000
26.272405,RX,7,392,0.000000
26.277244,RX,9,380,0.000000
26.288706,COLLISION,5,,
26.290748,TX,9,419,0.395000
26.310399,RX,3,392,0.000000
26.320869,RX,4,391,0.000000
26.324091,RX,8,392,0.000000
26.326405,RX,7,393,0.000000
26.331244,RX,9,391,0.000000
26.344748,TX,9,420,0.395000
26.350412,RX,2,394,0.000000
26.350412,RX,6,394,0.000000
26.358735,COLLISION,4,,
26.358735,COLLISION,8,,
26.364399,RX,3,393,0.000000
26.374869,RX,4,392,0.395000
26.378091,RX,8,393,0.395000
26.380405,RX,7,394,0.000000
26.385244,RX,9,392,0.000000
26.388727,COLLISION,3,,
26.394869,COLLISION,4,,
26.398091,COLLISION,8,,
26.398748,TX,9,421,0.395000
26.404412,RX,0,415,0.000000
26.404412,RX,2,415,0.000000
26.404412,RX,6,415,0.000000
26.412735,COLLISION,4,,
26.412735,COLLISION,8,,
26.418399,RX,3,394,0.395000
26.430706,RX,5,415,0.000000
26.434405,RX,7,415,0.000000
26.439244,RX,9,393,0.000000
26.442727,COLLISION,3,,
26.452748,TX,9,433,0.395000
26.466735,COLLISION,4,,
26.493244,RX,9,394,0.000000
26.506748,TX,9,435,0.395000
26.514721,RX,7,419,0.000000
26.520735,COLLISION,4,,
26.528414,RX,2,419,0.000000
26.547244,RX,9,415,0.000000
26.554735,RX,8,421,0.000000
26.560748,TX,9,444,0.000000
26.568721,RX,7,420,0.000000
26.579192,RX,6,419,0.000000
26.582414,RX,2,420,0.000000
26.584727,RX,3,421,0.000000
26.589566,RX,1,419,0.000000
26.608735,RX,8,433,0.000000
26.614748,TX,9,445,0.000000
26.622721,RX,7,421,0.000000
26.633192,RX,6,420,0.000000
26.636414,RX,2,421,0.000000
26.638727,RX,3,433,0.000000
26.643566,RX,1,420,0.000000
26.645414,RX,5,419,0.000000
26.653944,RX,0,419,0.000000
26.662735,RX,4,435,0.000000
26.662735,RX,8,435,0.000000
26.668748,TX,9,447,0.000000
26.676721,RX,7,433,0.000000
26.687192,RX,6,421,0.000000
26.690414,RX,2,433,0.000000
26.692727,RX,3,435,0.000000
26.697566,RX,1,421,0.000000
26.699414,RX,5,420,0.000000
26.707944,RX,0,420,0.000000
26.716735,RX,4,444,0.000000
26.716735,RX,8,444,0.000000
26.722748,TX,9,449,0.000000
26.730721,RX,7,435,0.000000
26.741192,RX,6,433,0.000000
26.744414,RX,2,435,0.000000
26.746727,RX,3,444,0.000000
26.751566,RX,1,433,0.000000
26.753414,RX,5,421,0.000000
26.758451,TX,3,470,0.395000
26.761944,RX,0,421,0.000000
26.770735,RX,4,445,0.000000
26.770735,RX,8,445,0.000000
26.776748,TX,9,450,0.000000
26.784721,RX,7,444,0.000000
26.795192,RX,6,435,0.000000
26.798414,RX,2,444,0.000000
26.800727,RX,3,445,0.000000
26.805566,RX,1,435,0.000000
26.807414,RX,5,433,0.000000
26.815944,RX,0,433,0.000000
26.824735,RX,4,447,0.000000
26.824735,RX,8,447,0.000000
26.826438,COLLISION,2,,
26.830748,TX,9,451,0.000000
26.838721,RX,7,445,0.000000
26.844735,COLLISION,4,,
26.844735,COLLISION,8,,
26.849192,RX,6,444,0.000000
26.852414,RX,2,445,0.395000
26.854727,RX,3,447,0.000000
26.858721,COLLISION,7,,
26.859566,RX,1,444,0.000000
26.861414,RX,5,435,0.000000
26.869944,RX,0,435,0.000000
26.872414,COLLISION,2,,
26.878735,RX,4,449,0.395000
26.878735,RX,8,449,0.395000
26.892721,RX,7,447,0.395000
26.894425,COLLISION,1,,
26.898735,COLLISION,4,,
26.898735,COLLISION,8,,
26.903192,RX,6,445,0.000000
26.908117,COLLISION,6,,
26.908727,RX,3,449,0.000000
26.912721,COLLISION,7,,
26.913566,RX,1,445,0.395000
26.915414,RX,5,444,0.000000
26.923192,COLLISION,6,,
26.923944,RX,0,444,0.000000
26.933566,COLLISION,1,,
26.944431,RX,9,470,0.000000
26.962412,COLLISION,0,,
26.962727,RX,3,450,0.000000
26.969414,RX,5,445,0.000000
26.970950,COLLISION,5,,
26.977944,RX,0,445,0.395000
26.989414,COLLISION,5,,
26.990876,TX,3,475,0.395000
26.997944,COLLISION,0,,
27.014414,RX,2,450,0.000000
27.016727,RX,3,451,0.000000
27.054721,RX,7,451,0.000000
27.061066,TX,7,397,0.000000
27.065192,RX,6,450,0.000000
27.068414,RX,2,451,0.000000
27.075566,RX,1,450,0.000000
27.115066,TX,7,399,0.000000
27.119192,RX,6,451,0.000000
27.129566,RX,1,451,0.000000
27.131414,RX,5,450,0.000000
27.139944,RX,0,450,0.000000
27.140543,COLLISION,6,,
27.146863,RX,2,475,0.000000
27.156622,RX,4,475,0.000000
27.156622,RX,8,475,0.000000
27.159045,COLLISION,1,,
27.169066,TX,7,401,0.395000
27.173157,RX,7,475,0.000000
27.176856,RX,9,475,0.000000
27.183053,COLLISION,6,,
27.185414,RX,5,451,0.000000
27.193944,RX,0,451,0.000000
27.203375,COLLISION,5,,
27.213045,COLLISION,1,,
27.215410,COLLISION,0,,
27.217053,RX,2,397,0.000000
27.223066,TX,7,422,0.000000
27.226812,RX,8,397,0.000000
27.243347,RX,3,397,0.000000
27.251039,COLLISION,5,,
27.269410,COLLISION,0,,
27.271053,RX,2,399,0.000000
27.277066,TX,7,430,0.000000
27.280812,RX,8,399,0.000000
27.285039,RX,9,397,0.000000
27.297347,RX,3,399,0.000000
27.303410,RX,4,397,0.000000
27.325053,RX,2,401,0.000000
27.325053,RX,6,401,0.000000
27.331066,TX,7,434,0.000000
27.334812,RX,8,401,0.000000
27.339039,RX,9,399,0.000000
27.351347,RX,3,401,0.000000
27.355045,RX,1,401,0.000000
27.357410,RX,4,399,0.000000
27.379053,RX,2,422,0.000000
27.379053,RX,6,422,0.000000
27.385066,TX,7,455,0.000000
27.388812,RX,8,422,0.000000
27.393039,RX,5,401,0.000000
27.393039,RX,9,401,0.000000
27.405347,RX,3,422,0.000000
27.409045,RX,1,422,0.000000
27.411410,RX,0,401,0.000000
27.411410,RX,4,401,0.000000
27.433053,RX,2,430,0.000000
27.433053,RX,6,430,0.000000
27.439066,TX,7,463,0.000000
27.442812,RX,8,430,0.000000
27.447039,RX,5,422,0.000000
27.447039,RX,9,422,0.000000
27.459347,RX,3,430,0.000000
27.463045,RX,1,430,0.000000
27.465410,RX,0,422,0.000000
27.465410,RX,4,422,0.000000
27.487053,RX,2,434,0.000000
27.487053,RX,6,434,0.000000
27.493066,TX,7,478,0.000000
27.496812,RX,8,434,0.000000
27.501039,RX,5,430,0.000000
27.501039,RX,9,430,0.000000
27.513347,RX,3,434,0.000000
27.517045,RX,1,434,0.000000
27.519410,RX,0,430,0.000000
27.519410,RX,4,430,0.000000
27.541053,RX,2,455,0.000000
27.541053,RX,6,455,0.000000
27.547066,TX,7,479,0.000000
27.550812,RX,8,455,0.000000
27.555039,RX,5,434,0.000000
27.555039,RX,9,434,0.000000
27.567347,RX,3,455,0.000000
27.571045,RX,1,455,0.000000
27.573410,RX,0,434,0.000000
27.573410,RX,4,434,0.000000
27.595053,RX,2,463,0.000000
27.595053,RX,6,463,0.000000
27.604812,RX,8,463,0.000000
27.609039,RX,5,455,0.000000
27.609039,RX,9,455,0.000000
27.621347,RX,3,463,0.000000
27.625045,RX,1,463,0.000000
27.627410,RX,0,455,0.000000
27.627410,RX,4,455,0.000000
27.649053,RX,2,478,0.000000
27.649053,RX,6,478,0.000000
27.658812,RX,8,478,0.000000
27.663039,RX,5,463,0.000000
27.663039,RX,9,463,0.000000
27.675347,RX,3,478,0.000000
27.679045,RX,1,478,0.000000
27.681410,RX,0,463,0.000000
27.681410,RX,4,463,0.000000
27.703053,RX,2,479,0.000000
27.703053,RX,6,479,0.000000
27.712812,RX,8,479,0.000000
27.717039,RX,5,478,0.000000
27.717039,RX,9,478,0.000000
27.729347,RX,3,479,0.000000
27.733045,RX,1,479,0.000000
27.733087,TX,7,482,0.000000
27.735410,RX,0,478,0.000000
27.735410,RX,4,478,0.000000
27.771039,RX,5,479,0.000000
27.771039,RX,9,479,0.000000
27.787087,TX,7,484,0.000000
27.787290,TX,3,485,0.000000
27.789410,RX,0,479,0.000000
27.789410,RX,4,479,0.000000
27.790217,TX,6,465,0.000000
27.841290,TX,3,486,0.000000
27.844217,TX,6,473,0.000000
27.852565,TX,5,466,0.000000
27.855277,COLLISION,2,,
27.858204,COLLISION,1,,
27.865036,COLLISION,8,,
27.869061,COLLISION,5,,
27.881571,COLLISION,7,,
27.884498,COLLISION,2,,
27.885067,COLLISION,1,,
27.885269,COLLISION,9,,
27.887432,COLLISION,4,,
27.888196,COLLISION,0,,
27.889074,RX,2,482,0.790000
27.889074,RX,6,482,0.000000
27.898217,TX,6,474,0.000000
27.898833,RX,8,482,0.395000
27.909277,COLLISION,2,,
27.912204,COLLISION,1,,
27.912204,COLLISION,5,,
27.912204,COLLISION,7,,
27.915368,RX,3,482,0.000000
27.919036,COLLISION,4,,
27.919036,COLLISION,8,,
27.920552,COLLISION,0,,
27.923061,COLLISION,5,,
27.923061,COLLISION,9,,
27.926191,COLLISION,8,,
27.935571,COLLISION,7,,
27.936956,COLLISION,6,,
27.938498,COLLISION,2,,
27.939269,COLLISION,9,,
27.941432,COLLISION,0,,
27.941432,COLLISION,4,,
27.942196,COLLISION,0,,
27.943074,RX,6,484,0.395000
27.946846,COLLISION,1,,
27.952217,TX,6,490,0.395000
27.966204,COLLISION,1,,
27.969368,RX,3,484,0.000000
27.977264,COLLISION,1,,
27.988539,COLLISION,7,,
27.990956,COLLISION,6,,
27.996196,COLLISION,0,,
27.999788,COLLISION,5,,
28.002231,COLLISION,2,,
28.020204,COLLISION,5,,
28.020204,COLLISION,7,,
28.027883,RX,3,465,0.000000
28.045251,COLLISION,0,,
28.046498,COLLISION,2,,
28.050196,COLLISION,0,,
28.053009,COLLISION,8,,
28.053788,COLLISION,5,,
28.065063,COLLISION,3,,
28.068191,RX,8,473,0.395000
28.078661,RX,9,465,0.000000
28.081883,RX,3,473,0.395000
28.088191,COLLISION,8,,
28.090715,RX,4,465,0.000000
28.101883,COLLISION,3,,
28.108204,RX,1,490,0.000000
28.119232,COLLISION,9,,
28.127762,COLLISION,4,,
28.132661,RX,9,473,0.395000
28.141441,TX,5,467,0.000000
28.144715,RX,4,473,0.395000
28.152661,COLLISION,9,,
28.164715,COLLISION,4,,
28.195441,TX,5,468,0.000000
28.249441,TX,5,469,0.000000
28.297428,RX,0,467,0.000000
28.297428,RX,6,467,0.000000
28.303441,TX,5,471,0.000000
28.314593,TX,6,494,0.395000
28.323722,RX,1,467,0.000000
28.351428,RX,0,468,0.000000
28.351428,RX,6,468,0.000000
28.357441,TX,5,472,0.000000
28.365414,RX,7,467,0.000000
28.377722,RX,1,468,0.000000
28.379107,RX,2,467,0.000000
28.382580,COLLISION,1,,
28.385414,COLLISION,7,,
28.397722,COLLISION,1,,
28.405428,RX,0,469,0.000000
28.405428,RX,6,469,0.000000
28.408874,COLLISION,2,,
28.411441,TX,5,477,0.000000
28.412573,COLLISION,0,,
28.419414,RX,7,468,0.395000
28.425428,COLLISION,0,,
28.429885,RX,8,467,0.000000
28.433107,RX,2,468,0.395000
28.439415,COLLISION,7,,
28.441939,RX,3,467,0.000000
28.450567,COLLISION,8,,
28.453107,COLLISION,2,,
28.459428,RX,6,471,0.000000
28.464259,COLLISION,3,,
28.465441,TX,5,487,0.395000
28.470580,RX,5,494,0.000000
28.483885,RX,8,468,0.395000
28.495939,RX,3,468,0.395000
28.496107,RX,9,467,0.000000
28.503885,COLLISION,8,,
28.504638,RX,4,467,0.000000
28.513428,RX,6,472,0.000000
28.515939,COLLISION,3,,
28.516107,COLLISION,9,,
28.519441,TX,5,488,0.000000
28.527091,COLLISION,4,,
28.539722,RX,1,472,0.000000
28.550107,RX,9,468,0.395000
28.558638,RX,4,468,0.395000
28.567428,RX,0,477,0.000000
28.567428,RX,6,477,0.000000
28.570107,COLLISION,9,,
28.578638,COLLISION,4,,
28.581415,RX,7,472,0.000000
28.593722,RX,1,477,0.000000
28.595107,RX,2,472,0.000000
28.621428,RX,0,487,0.000000
28.621428,RX,6,487,0.000000
28.635414,RX,7,477,0.000000
28.645885,RX,8,472,0.000000
28.647722,RX,1,487,0.000000
28.649107,RX,2,477,0.000000
28.657939,RX,3,472,0.000000
28.675428,RX,0,488,0.000000
28.675428,RX,6,488,0.000000
28.682633,TX,1,480,0.395000
28.689415,RX,7,487,0.000000
28.699885,RX,8,477,0.000000
28.701722,RX,1,488,0.000000
28.703107,RX,2,487,0.000000
28.711939,RX,3,477,0.000000
28.712107,RX,9,472,0.000000
28.720638,RX,4,472,0.000000
28.736633,TX,1,489,0.000000
28.743415,RX,7,488,0.000000
28.753885,RX,8,487,0.000000
28.757107,RX,2,488,0.000000
28.765939,RX,3,487,0.000000
28.766107,RX,9,477,0.000000
28.774638,RX,4,477,0.000000
28.776301,TX,5,501,0.000000
28.790633,TX,1,493,0.000000
28.807885,RX,8,488,0.000000
28.819939,RX,3,488,0.000000
28.820107,RX,9,487,0.000000
28.828638,RX,4,487,0.000000
28.838620,RX,0,480,0.000000
28.838620,RX,2,480,0.000000
28.838620,RX,6,480,0.000000
28.844288,COLLISION,0,,
28.844288,COLLISION,6,,
28.858620,COLLISION,0,,
28.858620,COLLISION,6,,
28.864914,RX,5,480,0.000000
28.868613,RX,7,480,0.000000
28.874107,RX,9,488,0.000000
28.882638,RX,4,488,0.000000
28.884796,TX,9,505,0.000000
28.892620,RX,2,489,0.000000
28.906607,RX,3,480,0.000000
28.912275,COLLISION,7,,
28.918914,RX,5,489,0.000000
28.920299,RX,8,480,0.000000
28.922613,RX,7,489,0.395000
28.938796,TX,9,506,0.395000
28.946620,RX,2,493,0.000000
28.952783,COLLISION,4,,
28.952783,COLLISION,8,,
28.958582,RX,1,501,0.000000
28.960607,RX,3,489,0.000000
28.971077,RX,4,480,0.395000
28.972914,RX,5,493,0.000000
28.974299,RX,8,489,0.395000
28.976745,COLLISION,8,,
28.981452,RX,9,480,0.000000
28.988800,COLLISION,3,,
28.991077,COLLISION,4,,
29.006783,COLLISION,4,,
29.006783,COLLISION,8,,
29.013968,RX,2,501,0.000000
29.014607,RX,3,493,0.395000
29.035452,RX,9,489,0.000000
29.036776,COLLISION,3,,
29.042968,COLLISION,9,,
29.082571,TX,1,518,0.000000
29.108770,RX,7,505,0.000000
29.122462,RX,2,505,0.000000
29.131322,TX,7,502,0.395000
29.139498,RX,4,501,0.000000
29.150558,COLLISION,6,,
29.159993,COLLISION,0,,
29.162770,RX,7,506,0.000000
29.173240,RX,6,505,0.395000
29.176462,RX,2,506,0.000000
29.176852,COLLISION,5,,
29.183615,RX,1,505,0.000000
29.199309,COLLISION,6,,
29.205463,COLLISION,5,,
29.213993,COLLISION,0,,
29.225603,COLLISION,3,,
29.232237,COLLISION,8,,
29.237615,RX,1,506,0.000000
29.238558,RX,2,518,0.000000
29.264385,TX,0,446,0.000000
29.268551,RX,7,518,0.000000
29.285666,COLLISION,4,,
29.287309,RX,2,502,0.000000
29.293390,COLLISION,9,,
29.317301,RX,1,502,0.000000
29.318385,TX,0,448,0.000000
29.355296,RX,5,502,0.000000
29.372276,TX,9,528,0.000000
29.372385,TX,0,460,0.395000
29.373666,RX,0,502,0.000000
29.420372,RX,1,446,0.000000
29.420372,RX,5,446,0.000000
29.426276,TX,9,529,0.000000
29.426385,TX,0,461,0.000000
29.450364,RX,6,446,0.000000
29.470255,COLLISION,3,,
29.474372,RX,1,448,0.000000
29.474372,RX,5,448,0.000000
29.475203,COLLISION,8,,
29.480276,TX,9,530,0.000000
29.480385,TX,0,462,0.000000
29.488358,RX,2,446,0.000000
29.494263,COLLISION,8,,
29.504364,RX,6,448,0.000000
29.506729,RX,7,446,0.000000
29.508250,COLLISION,7,,
29.521942,COLLISION,2,,
29.522345,COLLISION,3,,
29.524255,COLLISION,3,,
29.526729,COLLISION,7,,
29.528263,RX,4,528,0.000000
29.528372,RX,1,460,0.000000
29.528372,RX,5,460,0.000000
29.531051,COLLISION,4,,
29.534385,TX,0,464,0.000000
29.542358,RX,2,448,0.395000
29.548263,COLLISION,4,,
29.548263,COLLISION,8,,
29.558364,RX,6,460,0.000000
29.562358,COLLISION,2,,
29.575942,COLLISION,2,,
29.578255,COLLISION,3,,
29.578364,COLLISION,6,,
29.580729,COLLISION,7,,
29.582372,RX,1,461,0.000000
29.582372,RX,5,461,0.000000
29.583094,COLLISION,1,,
29.583203,COLLISION,8,,
29.588385,TX,0,498,0.000000
29.602372,COLLISION,1,,
29.612364,RX,6,461,0.395000
29.616250,COLLISION,7,,
29.626720,COLLISION,6,,
29.627582,RX,9,446,0.000000
29.629942,COLLISION,2,,
29.630345,COLLISION,3,,
29.632364,COLLISION,6,,
29.634729,COLLISION,7,,
29.636372,RX,5,462,0.000000
29.638942,COLLISION,5,,
29.642385,TX,0,513,0.000000
29.651674,TX,7,503,0.790000
29.656372,COLLISION,1,,
29.656372,COLLISION,5,,
29.670358,COLLISION,2,,
29.673051,RX,4,448,0.000000
29.681582,RX,9,448,0.000000
29.686364,COLLISION,6,,
29.691094,COLLISION,1,,
29.696385,TX,0,515,0.395000
29.705674,TX,7,504,0.000000
29.710372,COLLISION,1,,
29.710372,COLLISION,5,,
29.719661,COLLISION,6,,
29.724358,COLLISION,2,,
29.725203,RX,8,461,0.000000
29.727051,RX,4,460,0.000000
29.729420,COLLISION,8,,
29.735473,RX,0,528,0.000000
29.735582,RX,9,460,0.000000
29.740364,COLLISION,6,,
29.745203,COLLISION,8,,
29.745955,COLLISION,3,,
29.746942,COLLISION,5,,
29.750385,TX,0,522,0.395000
29.759674,TX,7,507,0.395000
29.764372,COLLISION,1,,
29.764372,COLLISION,5,,
29.772345,RX,3,462,0.395000
29.773661,COLLISION,2,,
29.776729,RX,7,464,0.000000
29.778358,COLLISION,2,,
29.781051,RX,4,461,0.000000
29.787648,COLLISION,9,,
29.789473,RX,0,529,0.000000
29.789582,RX,9,461,0.395000
29.792345,COLLISION,3,,
29.794364,COLLISION,6,,
29.799203,COLLISION,8,,
29.799955,COLLISION,3,,
29.803654,COLLISION,1,,
29.804385,TX,0,523,0.395000
29.806019,COLLISION,4,,
29.809582,COLLISION,9,,
29.813674,TX,7,509,0.395000
29.818372,COLLISION,1,,
29.818372,COLLISION,5,,
29.827661,COLLISION,6,,
29.830729,RX,7,498,0.000000
29.832358,COLLISION,2,,
29.835051,RX,4,462,0.395000
29.837420,COLLISION,8,,
29.841648,COLLISION,5,,
29.841648,COLLISION,9,,
29.843473,RX,0,530,0.000000
29.848364,COLLISION,6,,
29.853203,COLLISION,8,,
29.853955,COLLISION,3,,
29.855051,COLLISION,4,,
29.858385,TX,0,524,0.395000
29.860019,COLLISION,4,,
29.867674,TX,7,510,0.395000
29.872372,COLLISION,1,,
29.872372,COLLISION,5,,
29.880052,TX,8,481,0.790000
29.881661,COLLISION,2,,
29.884729,RX,7,513,0.000000
29.886358,COLLISION,2,,
29.894019,RX,0,503,0.000000
29.895648,COLLISION,9,,
29.900345,COLLISION,3,,
29.902364,COLLISION,6,,
29.907203,COLLISION,8,,
29.907955,COLLISION,3,,
29.911654,COLLISION,1,,
29.912385,TX,0,538,0.395000
29.914019,COLLISION,4,,
29.917582,COLLISION,9,,
29.921674,TX,7,511,0.395000
29.926372,COLLISION,1,,
29.926372,COLLISION,5,,
29.934052,TX,8,508,0.395000
29.935661,COLLISION,6,,
29.938729,RX,7,515,0.000000
29.940358,COLLISION,2,,
29.945420,COLLISION,8,,
29.948019,RX,0,504,0.000000
29.948038,COLLISION,9,,
29.949648,COLLISION,5,,
29.949648,COLLISION,9,,
29.956364,COLLISION,6,,
29.957798,COLLISION,3,,
29.958729,COLLISION,7,,
29.961203,COLLISION,8,,
29.961955,COLLISION,3,,
29.963051,COLLISION,4,,
29.966385,TX,0,539,0.395000
29.968019,COLLISION,4,,
29.974332,COLLISION,4,,
29.975674,TX,7,512,0.790000
29.978031,COLLISION,2,,
29.980372,COLLISION,1,,
29.980372,COLLISION,5,,
29.988052,TX,8,521,0.790000
29.989661,COLLISION,2,,
29.992729,RX,7,522,0.395000
29.994358,COLLISION,2,,
